Run accession,Label,Year,Ceftazidim,Ciprofloxacin,Gentamicin
ERR4034120,other,2017,25.0,33.0,23.0
ERR4034123,other,2017,10.0,6.0,18.0
ERR4034293,other,2017,30.0,34.0,22.0
ERR4034296,other,2017,15.0,25.0,18.0
ERR4034526,other,2017,26.0,32.0,25.0
ERR4034611,131-C,2017,26.0,6.0,24.0
ERR4034353,other,2017,27.0,31.0,25.0
ERR4034692,other,2017,30.0,40.0,24.0
ERR4034854,other,2017,27.0,39.0,25.0
ERR4034976,other,2017,24.0,32.0,19.0
ERR4034980,131-C,2017,16.0,6.0,20.0
ERR4034997,other,2017,27.0,35.0,20.0
ERR4035008,other,2017,22.0,33.0,19.0
ERR4035012,other,2017,21.0,35.0,22.0
ERR4035015,other,2017,29.0,37.0,24.0
ERR4035021,other,2017,29.0,6.0,20.0
ERR4035043,other,2017,11.0,6.0,30.0
ERR4035044,other,2017,27.0,32.0,8.0
ERR4034757,other,2017,28.0,35.0,24.0
ERR4035171,other,2017,26.0,31.0,19.0
ERR4035175,other,2017,27.0,24.0,20.0
ERR4035178,other,2017,26.0,31.0,6.0
ERR4035179,other,2017,28.0,35.0,19.0
ERR4035192,131-C,2017,28.0,6.0,23.0
ERR4035079,other,2017,26.0,30.0,19.0
ERR4035196,other,2017,25.0,23.0,23.0
ERR4035204,other,2017,26.0,29.0,20.0
ERR4035207,other,2017,25.0,25.0,22.0
ERR4035210,other,2017,27.0,8.0,19.0
ERR4035212,131-C,2017,16.0,6.0,18.0
ERR4035221,other,2017,25.0,35.0,24.0
ERR4035225,other,2017,25.0,26.0,23.0
ERR4035233,other,2017,15.0,6.0,18.0
ERR4035236,other,2017,26.0,32.0,21.0
ERR4035241,other,2017,26.0,25.0,19.0
ERR4035242,other,2017,26.0,30.0,19.0
ERR4035244,131-C,2017,14.0,6.0,6.0
ERR4035253,other,2017,16.0,23.0,6.0
ERR4035257,other,2017,25.0,33.0,23.0
ERR4035268,other,2017,12.0,33.0,19.0
ERR4035269,other,2017,27.0,29.0,19.0
ERR4035273,other,2017,25.0,6.0,6.0
ERR4035274,131-C,2017,27.0,6.0,18.0
ERR4035294,other,2017,27.0,33.0,19.0
ERR4035298,other,2017,26.0,28.0,20.0
ERR4035301,other,2017,27.0,32.0,21.0
ERR4035314,other,2017,16.0,26.0,22.0
ERR4035092,other,2017,24.0,8.0,6.0
ERR4035333,other,2017,26.0,25.0,20.0
ERR4035339,other,2017,30.0,6.0,23.0
ERR4035346,other,2017,26.0,23.0,22.0
ERR4035354,other,2017,26.0,6.0,6.0
ERR4035358,other,2017,27.0,31.0,19.0
ERR4035365,131-C,2017,28.0,6.0,22.0
ERR4035366,other,2017,25.0,30.0,17.0
ERR4035367,other,2017,29.0,32.0,21.0
ERR4035378,other,2017,28.0,37.0,23.0
ERR4035381,other,2017,28.0,28.0,24.0
ERR4035387,other,2017,24.0,26.0,18.0
ERR4035391,other,2017,26.0,32.0,19.0
ERR4035394,other,2017,26.0,25.0,20.0
ERR4035403,other,2017,27.0,6.0,19.0
ERR4035407,other,2017,28.0,10.0,18.0
ERR4035439,other,2017,27.0,32.0,20.0
ERR4035106,other,2017,28.0,33.0,23.0
ERR4035114,other,2017,27.0,31.0,20.0
ERR4035071,131-C,2017,10.0,6.0,22.0
ERR4035116,other,2017,25.0,25.0,6.0
ERR4035117,other,2017,25.0,27.0,17.0
ERR4035119,other,2017,26.0,32.0,18.0
ERR4035120,other,2017,20.0,32.0,21.0
ERR4035122,other,2017,27.0,23.0,19.0
ERR4035123,131-C,2017,13.0,6.0,7.0
ERR4035124,other,2017,27.0,34.0,25.0
ERR4035131,other,2017,29.0,33.0,23.0
ERR4035139,131-C,2017,27.0,6.0,6.0
ERR4035143,other,2017,29.0,20.0,20.0
ERR4035148,other,2017,27.0,33.0,19.0
ERR4035154,other,2017,27.0,34.0,18.0
ERR4035155,131-C,2017,28.0,6.0,23.0
ERR4035159,other,2017,23.0,33.0,23.0
ERR4035163,other,2017,27.0,36.0,24.0
ERR4035545,other,2017,24.0,27.0,20.0
ERR4035456,other,2017,25.0,30.0,19.0
ERR4035568,other,2017,26.0,10.0,25.0
ERR4035570,other,2017,25.0,30.0,19.0
ERR4035573,other,2017,27.0,31.0,24.0
ERR4035574,other,2017,14.0,31.0,19.0
ERR4035578,other,2017,24.0,34.0,20.0
ERR4035597,other,2017,25.0,27.0,24.0
ERR4035601,other,2017,30.0,41.0,25.0
ERR4035610,other,2017,28.0,30.0,23.0
ERR4035633,other,2017,14.0,24.0,24.0
ERR4035638,other,2017,23.0,21.0,18.0
ERR4035642,other,2017,24.0,27.0,18.0
ERR4035447,other,2017,22.0,25.0,18.0
ERR4035662,other,2017,28.0,6.0,24.0
ERR4035663,other,2017,26.0,29.0,21.0
ERR4035467,other,2017,19.0,20.0,22.0
ERR4035690,other,2017,25.0,29.0,23.0
ERR4035698,other,2017,25.0,6.0,25.0
ERR4035699,131-C,2017,25.0,6.0,19.0
ERR4035703,other,2017,25.0,34.0,18.0
ERR4035471,131-C,2017,10.0,6.0,10.0
ERR4035726,other,2017,27.0,30.0,24.0
ERR4035731,other,2017,25.0,32.0,20.0
ERR4035735,131-C,2017,25.0,6.0,19.0
ERR4035475,other,2017,27.0,24.0,24.0
ERR4035760,other,2017,26.0,27.0,19.0
ERR4035763,other,2017,26.0,31.0,25.0
ERR4035764,other,2017,24.0,27.0,18.0
ERR4035768,other,2017,25.0,28.0,18.0
ERR4035790,other,2017,23.0,28.0,22.0
ERR4035480,other,2017,25.0,30.0,6.0
ERR4035798,other,2017,28.0,32.0,25.0
ERR4035803,other,2017,25.0,6.0,18.0
ERR4035807,other,2017,27.0,18.0,19.0
ERR4035818,other,2017,25.0,32.0,22.0
ERR4035822,other,2017,25.0,24.0,24.0
ERR4035503,other,2017,30.0,25.0,27.0
ERR4035508,other,2017,24.0,28.0,19.0
ERR4035516,other,2017,27.0,27.0,7.0
ERR4035535,other,2017,25.0,6.0,25.0
ERR4035540,131-C,2017,18.0,6.0,6.0
ERR4036082,other,2017,27.0,30.0,23.0
ERR4036086,other,2017,28.0,35.0,22.0
ERR4036090,other,2017,25.0,35.0,23.0
ERR4036114,other,2017,24.0,25.0,23.0
ERR4036179,other,2017,26.0,30.0,22.0
ERR4036183,other,2017,27.0,33.0,23.0
ERR4036211,other,2017,28.0,34.0,25.0
ERR4036326,other,2017,26.0,30.0,23.0
ERR4036331,other,2017,34.0,40.0,18.0
ERR4036337,other,2017,26.0,20.0,24.0
ERR4036341,131-C,2017,27.0,7.0,22.0
ERR4036345,other,2017,27.0,33.0,22.0
ERR4036377,other,2017,19.0,33.0,23.0
ERR4036401,other,2017,26.0,37.0,22.0
ERR4036409,other,2017,24.0,34.0,21.0
ERR4036428,131-C,2017,16.0,6.0,6.0
ERR4036430,other,2017,23.0,33.0,23.0
ERR4036432,other,2017,24.0,26.0,22.0
ERR4036237,other,2017,24.0,6.0,6.0
ERR4036240,other,2017,27.0,37.0,24.0
ERR4036500,other,2017,25.0,33.0,23.0
ERR4036515,other,2017,24.0,24.0,24.0
ERR4036533,other,2017,24.0,6.0,22.0
ERR4036248,other,2017,25.0,20.0,17.0
ERR4036565,other,2017,25.0,27.0,22.0
ERR4036580,other,2017,13.0,26.0,6.0
ERR4036584,other,2017,23.0,36.0,23.0
ERR4036593,other,2017,25.0,23.0,21.0
ERR4036597,other,2017,22.0,32.0,24.0
ERR4036266,other,2017,25.0,30.0,22.0
ERR4036272,other,2017,24.0,22.0,23.0
ERR4036276,other,2017,27.0,34.0,22.0
ERR4036280,other,2017,22.0,35.0,25.0
ERR4036298,other,2017,25.0,32.0,22.0
ERR4036304,other,2017,26.0,35.0,25.0
ERR4036306,other,2017,25.0,13.0,24.0
ERR4036779,other,2017,24.0,32.0,19.0
ERR4036782,other,2017,26.0,32.0,20.0
ERR4036807,other,2017,26.0,35.0,20.0
ERR4036812,other,2017,25.0,33.0,20.0
ERR4036842,other,2017,28.0,36.0,21.0
ERR4036843,other,2017,28.0,30.0,20.0
ERR4036875,other,2017,26.0,28.0,19.0
ERR4036907,other,2017,26.0,25.0,20.0
ERR4036925,other,2017,30.0,32.0,24.0
ERR4036682,other,2017,26.0,30.0,20.0
ERR4036988,other,2017,30.0,36.0,25.0
ERR4036686,other,2017,27.0,35.0,20.0
ERR4037020,other,2017,29.0,33.0,25.0
ERR4036688,other,2017,25.0,30.0,20.0
ERR4036690,other,2017,26.0,12.0,20.0
ERR4036692,other,2017,28.0,33.0,20.0
ERR4036715,other,2017,26.0,36.0,6.0
ERR4036716,other,2017,25.0,31.0,19.0
ERR4036743,other,2017,26.0,38.0,21.0
ERR4036744,other,2017,6.0,34.0,6.0
ERR4036750,other,2017,27.0,26.0,20.0
ERR4037143,other,2017,29.0,30.0,23.0
ERR4037166,other,2017,25.0,33.0,8.0
ERR4037182,other,2017,28.0,35.0,24.0
ERR4037211,other,2017,26.0,30.0,24.0
ERR4037228,other,2017,26.0,6.0,7.0
ERR4037051,other,2017,29.0,32.0,25.0
ERR4037324,other,2017,26.0,34.0,23.0
ERR4037341,other,2017,28.0,37.0,24.0
ERR4037390,other,2017,25.0,32.0,23.0
ERR4037405,other,2017,27.0,34.0,25.0
ERR4037069,other,2017,27.0,33.0,23.0
ERR4037084,other,2017,30.0,37.0,23.0
ERR4037036,other,2017,17.0,31.0,25.0
ERR4037100,other,2017,25.0,24.0,24.0
ERR4037416,other,2017,25.0,22.0,6.0
ERR4034245,other,2016,21.0,32.0,18.0
ERR4034284,other,2016,26.0,32.0,20.0
ERR4034290,other,2016,27.0,33.0,20.0
ERR4034349,other,2016,27.0,33.0,24.0
ERR4034786,other,2016,27.0,32.0,23.0
ERR4034791,other,2016,24.0,36.0,18.0
ERR4034820,other,2016,27.0,29.0,21.0
ERR4034828,other,2016,28.0,31.0,21.0
ERR4034850,other,2016,25.0,28.0,6.0
ERR4034852,131-C,2016,6.0,6.0,6.0
ERR4034856,other,2016,26.0,32.0,20.0
ERR4034879,other,2016,15.0,38.0,24.0
ERR4034702,other,2016,25.0,29.0,21.0
ERR4034888,other,2016,24.0,31.0,18.0
ERR4034893,other,2016,27.0,33.0,21.0
ERR4034917,other,2016,27.0,38.0,22.0
ERR4034920,other,2016,22.0,6.0,21.0
ERR4034952,other,2016,24.0,32.0,22.0
ERR4034957,other,2016,29.0,34.0,20.0
ERR4034972,other,2016,25.0,25.0,21.0
ERR4034979,other,2016,25.0,25.0,24.0
ERR4034989,other,2016,24.0,31.0,19.0
ERR4034990,other,2016,27.0,34.0,20.0
ERR4035004,131-C,2016,22.0,6.0,6.0
ERR4035017,131-C,2016,25.0,6.0,18.0
ERR4035032,other,2016,25.0,24.0,6.0
ERR4035036,other,2016,27.0,6.0,6.0
ERR4035050,other,2016,24.0,28.0,19.0
ERR4034734,other,2016,26.0,27.0,20.0
ERR4034755,other,2016,14.0,28.0,21.0
ERR4034759,131-C,2016,11.0,6.0,6.0
ERR4035195,other,2016,29.0,33.0,21.0
ERR4035202,other,2016,25.0,28.0,22.0
ERR4035081,other,2016,16.0,27.0,20.0
ERR4035228,other,2016,25.0,26.0,20.0
ERR4035232,other,2016,26.0,31.0,21.0
ERR4035235,other,2016,26.0,32.0,21.0
ERR4035085,other,2016,25.0,22.0,19.0
ERR4035263,other,2016,27.0,37.0,22.0
ERR4035292,other,2016,23.0,25.0,19.0
ERR4035296,other,2016,26.0,24.0,21.0
ERR4035297,other,2016,26.0,25.0,20.0
ERR4035329,131-C,2016,26.0,6.0,20.0
ERR4035361,other,2016,23.0,31.0,20.0
ERR4035385,other,2016,24.0,31.0,18.0
ERR4035386,other,2016,24.0,29.0,19.0
ERR4035109,131-C,2016,17.0,6.0,19.0
ERR4035112,other,2016,22.0,28.0,19.0
ERR4035142,other,2016,26.0,25.0,21.0
ERR4035560,other,2016,24.0,30.0,22.0
ERR4035561,other,2016,24.0,31.0,20.0
ERR4035565,other,2016,22.0,27.0,16.0
ERR4035569,131-C,2016,24.0,6.0,19.0
ERR4035458,other,2016,25.0,25.0,25.0
ERR4035576,other,2016,28.0,36.0,24.0
ERR4035593,other,2016,27.0,31.0,24.0
ERR4035600,131-C,2016,27.0,6.0,24.0
ERR4035618,131-C,2016,12.0,6.0,6.0
ERR4035622,other,2016,24.0,33.0,18.0
ERR4035628,other,2016,27.0,32.0,24.0
ERR4035656,other,2016,25.0,30.0,22.0
ERR4035661,other,2016,26.0,25.0,6.0
ERR4035683,other,2016,22.0,28.0,20.0
ERR4035686,other,2016,28.0,33.0,22.0
ERR4035687,other,2016,25.0,6.0,19.0
ERR4035689,other,2016,27.0,31.0,23.0
ERR4035707,131-C,2016,9.0,6.0,6.0
ERR4035713,other,2016,27.0,32.0,23.0
ERR4035717,other,2016,28.0,33.0,6.0
ERR4035718,other,2016,26.0,36.0,23.0
ERR4035745,other,2016,26.0,27.0,24.0
ERR4035782,other,2016,25.0,25.0,24.0
ERR4035784,131-C,2016,14.0,6.0,20.0
ERR4035786,other,2016,29.0,39.0,26.0
ERR4035791,other,2016,22.0,32.0,19.0
ERR4035808,other,2016,26.0,32.0,20.0
ERR4035812,other,2016,28.0,13.0,21.0
ERR4035814,other,2016,28.0,32.0,23.0
ERR4035816,131-C,2016,12.0,6.0,6.0
ERR4035823,other,2016,25.0,30.0,19.0
ERR4035486,other,2016,34.0,40.0,22.0
ERR4035495,other,2016,26.0,36.0,26.0
ERR4035500,other,2016,26.0,36.0,22.0
ERR4035527,other,2016,28.0,6.0,23.0
ERR4035536,other,2016,22.0,23.0,20.0
ERR4035538,other,2016,26.0,34.0,24.0
ERR4035543,other,2016,30.0,32.0,24.0
ERR4036074,other,2016,28.0,31.0,24.0
ERR4036078,other,2016,24.0,6.0,23.0
ERR4036106,other,2016,25.0,25.0,24.0
ERR4036110,131-C,2016,18.0,6.0,21.0
ERR4036171,other,2016,15.0,27.0,24.0
ERR4036175,other,2016,26.0,28.0,22.0
ERR4036203,other,2016,27.0,31.0,23.0
ERR4036207,other,2016,27.0,31.0,23.0
ERR4036317,other,2016,22.0,8.0,19.0
ERR4036327,other,2016,24.0,25.0,22.0
ERR4036329,other,2016,24.0,31.0,22.0
ERR4036333,131-C,2016,6.0,6.0,23.0
ERR4036359,other,2016,26.0,25.0,18.0
ERR4036361,other,2016,26.0,35.0,24.0
ERR4036231,other,2016,26.0,32.0,25.0
ERR4036393,other,2016,26.0,31.0,24.0
ERR4036397,other,2016,26.0,28.0,22.0
ERR4036420,131-C,2016,15.0,6.0,8.0
ERR4036424,other,2016,25.0,25.0,20.0
ERR4036426,other,2016,25.0,31.0,22.0
ERR4036236,other,2016,26.0,28.0,23.0
ERR4036452,other,2016,23.0,23.0,20.0
ERR4036454,other,2016,26.0,38.0,22.0
ERR4036460,other,2016,26.0,28.0,21.0
ERR4036484,other,2016,24.0,6.0,19.0
ERR4036492,other,2016,26.0,24.0,18.0
ERR4036507,other,2016,28.0,30.0,23.0
ERR4036514,other,2016,26.0,35.0,22.0
ERR4036516,other,2016,27.0,27.0,20.0
ERR4036526,other,2016,26.0,37.0,23.0
ERR4036539,other,2016,17.0,13.0,13.0
ERR4036542,other,2016,10.0,26.0,24.0
ERR4036551,other,2016,27.0,33.0,22.0
ERR4036553,other,2016,24.0,6.0,23.0
ERR4036574,131-C,2016,6.0,6.0,10.0
ERR4036585,131-C,2016,11.0,6.0,19.0
ERR4036587,other,2016,30.0,28.0,19.0
ERR4036255,other,2016,27.0,32.0,25.0
ERR4036258,other,2016,25.0,8.0,21.0
ERR4036264,other,2016,21.0,35.0,22.0
ERR4036268,other,2016,11.0,22.0,21.0
ERR4036285,other,2016,23.0,6.0,21.0
ERR4036290,other,2016,26.0,32.0,22.0
ERR4036296,other,2016,20.0,27.0,22.0
ERR4036300,other,2016,28.0,6.0,24.0
ERR4036222,other,2016,25.0,33.0,21.0
ERR4036629,other,2016,25.0,35.0,23.0
ERR4036771,other,2016,25.0,34.0,19.0
ERR4036806,other,2016,28.0,36.0,19.0
ERR4036653,other,2016,25.0,26.0,19.0
ERR4036949,other,2016,26.0,32.0,19.0
ERR4036981,131-C,2016,24.0,6.0,19.0
ERR4037017,other,2016,24.0,36.0,24.0
ERR4037047,other,2016,26.0,32.0,22.0
ERR4037236,other,2016,27.0,38.0,21.0
ERR4037270,other,2016,12.0,6.0,22.0
ERR4037114,other,2016,29.0,39.0,24.0
ERR4037420,other,2016,15.0,26.0,6.0
ERR4037422,other,2016,26.0,32.0,20.0
ERR4037459,other,2016,26.0,25.0,6.0
ERR4037475,131-C,2016,17.0,6.0,21.0
ERR4037490,other,2016,26.0,30.0,21.0
ERR4037498,other,2016,24.0,32.0,20.0
ERR4037506,other,2016,24.0,30.0,20.0
ERR4034086,other,2015,26.0,28.0,19.0
ERR4034093,other,2015,24.0,30.0,20.0
ERR4034101,other,2015,24.0,30.0,19.0
ERR4034104,other,2015,25.0,29.0,23.0
ERR4034114,other,2015,26.0,30.0,18.0
ERR4034150,other,2015,24.0,28.0,18.0
ERR4034165,other,2015,23.0,16.0,18.0
ERR4034168,other,2015,26.0,33.0,21.0
ERR4034227,131-C,2015,15.0,6.0,23.0
ERR4034242,131-C,2015,12.0,6.0,6.0
ERR4034248,other,2015,23.0,32.0,17.0
ERR4034277,other,2015,27.0,31.0,20.0
ERR4034288,other,2015,28.0,31.0,20.0
ERR4034291,other,2015,27.0,33.0,20.0
ERR4034050,other,2015,26.0,29.0,18.0
ERR4034065,other,2015,26.0,30.0,20.0
ERR4034083,other,2015,26.0,30.0,19.0
ERR4034522,other,2015,28.0,32.0,24.0
ERR4034551,other,2015,26.0,30.0,23.0
ERR4034579,other,2015,25.0,32.0,25.0
ERR4034693,other,2015,25.0,38.0,20.0
ERR4034794,other,2015,26.0,32.0,19.0
ERR4034814,other,2015,27.0,32.0,24.0
ERR4034819,other,2015,26.0,35.0,20.0
ERR4034696,other,2015,27.0,32.0,19.0
ERR4034826,131-C,2015,23.0,6.0,19.0
ERR4034830,other,2015,27.0,32.0,20.0
ERR4034851,other,2015,26.0,31.0,20.0
ERR4034858,other,2015,24.0,31.0,19.0
ERR4034862,other,2015,6.0,6.0,7.0
ERR4034875,other,2015,32.0,45.0,32.0
ERR4034884,other,2015,26.0,23.0,20.0
ERR4034887,other,2015,25.0,26.0,6.0
ERR4034907,other,2015,22.0,28.0,6.0
ERR4034919,other,2015,10.0,6.0,19.0
ERR4034943,other,2015,26.0,40.0,20.0
ERR4034987,other,2015,26.0,37.0,19.0
ERR4034988,other,2015,26.0,32.0,18.0
ERR4034992,other,2015,28.0,27.0,22.0
ERR4035019,other,2015,28.0,25.0,20.0
ERR4035024,other,2015,27.0,34.0,19.0
ERR4035052,other,2015,26.0,33.0,19.0
ERR4035053,other,2015,25.0,32.0,16.0
ERR4035057,other,2015,30.0,15.0,21.0
ERR4035061,other,2015,30.0,6.0,21.0
ERR4034725,131-C,2015,26.0,6.0,6.0
ERR4034728,other,2015,27.0,34.0,20.0
ERR4034761,other,2015,28.0,41.0,19.0
ERR4034765,other,2015,25.0,36.0,22.0
ERR4035082,other,2015,28.0,32.0,22.0
ERR4035252,other,2015,27.0,34.0,6.0
ERR4035291,other,2015,24.0,35.0,21.0
ERR4035104,other,2015,26.0,31.0,21.0
ERR4035553,other,2015,22.0,34.0,20.0
ERR4035563,131-C,2015,16.0,6.0,6.0
ERR4035459,131-C,2015,22.0,6.0,6.0
ERR4035586,other,2015,24.0,7.0,6.0
ERR4035589,other,2015,12.0,19.0,16.0
ERR4035460,131-C,2015,26.0,6.0,6.0
ERR4035596,other,2015,30.0,12.0,24.0
ERR4035614,other,2015,24.0,36.0,24.0
ERR4035624,other,2015,28.0,23.0,34.0
ERR4035646,other,2015,25.0,34.0,18.0
ERR4035648,other,2015,6.0,30.0,26.0
ERR4035653,other,2015,15.0,30.0,18.0
ERR4035681,other,2015,30.0,38.0,24.0
ERR4035685,other,2015,28.0,37.0,24.0
ERR4035705,other,2015,26.0,32.0,22.0
ERR4035709,other,2015,25.0,23.0,8.0
ERR4035711,other,2015,22.0,6.0,10.0
ERR4035733,other,2015,25.0,30.0,23.0
ERR4035474,other,2015,29.0,32.0,23.0
ERR4035741,other,2015,27.0,24.0,9.0
ERR4035742,other,2015,25.0,33.0,18.0
ERR4035762,other,2015,29.0,25.0,22.0
ERR4035770,other,2015,30.0,34.0,26.0
ERR4035478,other,2015,23.0,30.0,20.0
ERR4035779,other,2015,26.0,31.0,20.0
ERR4035787,other,2015,25.0,30.0,19.0
ERR4035815,other,2015,12.0,30.0,9.0
ERR4035819,other,2015,24.0,24.0,19.0
ERR4035829,other,2015,33.0,45.0,24.0
ERR4035449,other,2015,30.0,36.0,24.0
ERR4035488,other,2015,26.0,35.0,17.0
ERR4035491,other,2015,25.0,32.0,19.0
ERR4035498,other,2015,30.0,36.0,26.0
ERR4035502,other,2015,25.0,33.0,25.0
ERR4035523,other,2015,27.0,29.0,19.0
ERR4035453,other,2015,30.0,10.0,23.0
ERR4035530,other,2015,26.0,30.0,24.0
ERR4035935,other,2015,27.0,32.0,21.0
ERR4035940,other,2015,25.0,27.0,21.0
ERR4035972,other,2015,29.0,37.0,24.0
ERR4036000,other,2015,31.0,34.0,25.0
ERR4036004,131-C,2015,14.0,6.0,7.0
ERR4036033,other,2015,26.0,35.0,21.0
ERR4036037,other,2015,25.0,35.0,22.0
ERR4036070,other,2015,29.0,35.0,23.0
ERR4036164,other,2015,27.0,37.0,22.0
ERR4036196,131-C,2015,16.0,6.0,8.0
ERR4035871,other,2015,26.0,32.0,21.0
ERR4035838,other,2015,29.0,34.0,23.0
ERR4036315,other,2015,25.0,35.0,24.0
ERR4036344,131-C,2015,15.0,6.0,24.0
ERR4036376,131-C,2015,23.0,6.0,10.0
ERR4036380,other,2015,26.0,33.0,24.0
ERR4036408,other,2015,19.0,36.0,22.0
ERR4036410,other,2015,24.0,26.0,22.0
ERR4036412,131-C,2015,28.0,6.0,10.0
ERR4036462,131-C,2015,10.0,6.0,6.0
ERR4036473,other,2015,26.0,37.0,23.0
ERR4036481,other,2015,25.0,35.0,24.0
ERR4036513,other,2015,27.0,27.0,24.0
ERR4036570,other,2015,24.0,37.0,24.0
ERR4036283,other,2015,26.0,31.0,25.0
ERR4036311,other,2015,25.0,32.0,24.0
ERR4036651,other,2015,28.0,6.0,10.0
ERR4036760,other,2015,25.0,31.0,20.0
ERR4036768,other,2015,27.0,34.0,6.0
ERR4036791,other,2015,26.0,32.0,21.0
ERR4036799,other,2015,27.0,31.0,21.0
ERR4036831,other,2015,30.0,38.0,20.0
ERR4036855,other,2015,24.0,32.0,18.0
ERR4036859,other,2015,28.0,32.0,20.0
ERR4036917,other,2015,26.0,34.0,24.0
ERR4036678,other,2015,26.0,36.0,20.0
ERR4036976,other,2015,26.0,37.0,20.0
ERR4036980,other,2015,27.0,36.0,24.0
ERR4036702,other,2015,26.0,28.0,20.0
ERR4036705,other,2015,27.0,33.0,21.0
ERR4036735,other,2015,28.0,31.0,20.0
ERR4036739,131-C,2015,26.0,6.0,21.0
ERR4037135,other,2015,25.0,32.0,24.0
ERR4037043,other,2015,11.0,6.0,8.0
ERR4037168,other,2015,28.0,34.0,24.0
ERR4037192,other,2015,23.0,6.0,10.0
ERR4037224,other,2015,26.0,34.0,24.0
ERR4037032,other,2015,26.0,26.0,16.0
ERR4037232,other,2015,30.0,37.0,24.0
ERR4037065,other,2015,26.0,34.0,22.0
ERR4037098,131-C,2015,14.0,6.0,9.0
ERR4037450,131-C,2015,26.0,6.0,21.0
ERR4037458,131-C,2015,17.0,6.0,21.0
ERR4037465,other,2015,20.0,30.0,20.0
ERR4037466,other,2015,27.0,36.0,21.0
ERR4037472,other,2015,13.0,28.0,21.0
ERR4037473,other,2015,25.0,34.0,18.0
ERR4037480,other,2015,24.0,27.0,18.0
ERR4037488,other,2015,26.0,23.0,22.0
ERR4037489,other,2015,29.0,6.0,24.0
ERR4037496,131-C,2015,26.0,6.0,9.0
ERR4037503,other,2015,26.0,36.0,21.0
ERR4037513,other,2015,23.0,30.0,25.0
ERR4037520,131-C,2015,26.0,6.0,23.0
ERR4037441,other,2015,26.0,30.0,20.0
ERR4037449,other,2015,23.0,30.0,20.0
ERR4034090,other,2014,15.0,25.0,6.0
ERR4034119,131-C,2014,26.0,6.0,20.0
ERR4034144,other,2014,26.0,34.0,21.0
ERR4034147,other,2014,26.0,25.0,19.0
ERR4034159,other,2014,28.0,36.0,20.0
ERR4034183,other,2014,25.0,31.0,20.0
ERR4034186,other,2014,26.0,34.0,20.0
ERR4034202,131-C,2014,26.0,6.0,20.0
ERR4034226,131-C,2014,16.0,6.0,22.0
ERR4034229,other,2014,28.0,6.0,21.0
ERR4034230,other,2014,30.0,29.0,21.0
ERR4034236,other,2014,27.0,29.0,10.0
ERR4034239,other,2014,12.0,6.0,9.0
ERR4034250,other,2014,27.0,32.0,18.0
ERR4034253,other,2014,18.0,29.0,19.0
ERR4034060,other,2014,22.0,34.0,20.0
ERR4034062,other,2014,26.0,7.0,20.0
ERR4034077,other,2014,25.0,36.0,24.0
ERR4034080,other,2014,27.0,27.0,6.0
ERR4034414,other,2014,24.0,30.0,16.0
ERR4034446,other,2014,23.0,30.0,13.0
ERR4034313,other,2014,26.0,30.0,19.0
ERR4034507,other,2014,27.0,30.0,18.0
ERR4034539,other,2014,27.0,33.0,19.0
ERR4034572,other,2014,28.0,21.0,6.0
ERR4034600,other,2014,26.0,31.0,21.0
ERR4034632,other,2014,28.0,31.0,20.0
ERR4034635,other,2014,26.0,37.0,24.0
ERR4034636,other,2014,25.0,30.0,19.0
ERR4034664,other,2014,27.0,36.0,24.0
ERR4034382,other,2014,22.0,30.0,14.0
ERR4034782,other,2014,22.0,34.0,22.0
ERR4034811,other,2014,11.0,25.0,20.0
ERR4034842,other,2014,30.0,6.0,24.0
ERR4034876,other,2014,6.0,28.0,6.0
ERR4034903,other,2014,32.0,6.0,6.0
ERR4034940,other,2014,29.0,6.0,21.0
ERR4034749,other,2014,29.0,35.0,20.0
ERR4035194,other,2014,27.0,6.0,22.0
ERR4035287,other,2014,26.0,29.0,23.0
ERR4035158,other,2014,30.0,6.0,27.0
ERR4035165,other,2014,24.0,32.0,20.0
ERR4035547,other,2014,11.0,6.0,23.0
ERR4035551,other,2014,26.0,31.0,23.0
ERR4035552,other,2014,26.0,29.0,18.0
ERR4035577,other,2014,9.0,6.0,7.0
ERR4035580,other,2014,25.0,11.0,20.0
ERR4035584,other,2014,17.0,21.0,24.0
ERR4035462,131-C,2014,18.0,6.0,24.0
ERR4035632,other,2014,26.0,6.0,23.0
ERR4035636,other,2014,27.0,30.0,23.0
ERR4035641,other,2014,22.0,31.0,20.0
ERR4035665,other,2014,28.0,38.0,25.0
ERR4035670,other,2014,23.0,28.0,17.0
ERR4035674,other,2014,26.0,25.0,19.0
ERR4035697,other,2014,30.0,33.0,23.0
ERR4035701,131-C,2014,23.0,6.0,7.0
ERR4035702,other,2014,25.0,30.0,19.0
ERR4035706,other,2014,27.0,29.0,17.0
ERR4035721,131-C,2014,16.0,6.0,8.0
ERR4035754,other,2014,31.0,24.0,24.0
ERR4035802,other,2014,20.0,21.0,19.0
ERR4035806,other,2014,25.0,32.0,6.0
ERR4035813,other,2014,30.0,35.0,24.0
ERR4035483,other,2014,25.0,26.0,18.0
ERR4035494,other,2014,30.0,27.0,24.0
ERR4035450,other,2014,20.0,21.0,19.0
ERR4035515,other,2014,27.0,26.0,20.0
ERR4035522,other,2014,28.0,6.0,21.0
ERR4035544,other,2014,28.0,41.0,21.0
ERR4035960,other,2014,27.0,33.0,21.0
ERR4035992,other,2014,29.0,6.0,9.0
ERR4035996,other,2014,25.0,27.0,23.0
ERR4036046,other,2014,27.0,34.0,21.0
ERR4036050,other,2014,25.0,35.0,20.0
ERR4036057,other,2014,27.0,34.0,24.0
ERR4036058,other,2014,28.0,37.0,24.0
ERR4036123,other,2014,27.0,34.0,21.0
ERR4035863,other,2014,26.0,24.0,9.0
ERR4035834,other,2014,29.0,36.0,23.0
ERR4036383,other,2014,21.0,30.0,20.0
ERR4036423,other,2014,28.0,38.0,23.0
ERR4036427,other,2014,26.0,35.0,21.0
ERR4036945,other,2014,25.0,35.0,23.0
ERR4037042,131-C,2014,30.0,6.0,7.0
ERR4037154,other,2014,26.0,9.0,20.0
ERR4037155,other,2014,27.0,30.0,21.0
ERR4037189,other,2014,6.0,6.0,7.0
ERR4037220,other,2014,30.0,40.0,24.0
ERR4037221,other,2014,29.0,35.0,22.0
ERR4037227,131-C,2014,25.0,6.0,21.0
ERR4037247,other,2014,27.0,40.0,19.0
ERR4037251,131-C,2014,26.0,6.0,6.0
ERR4037253,other,2014,29.0,35.0,23.0
ERR4037261,other,2014,30.0,7.0,22.0
ERR4037289,131-C,2014,21.0,6.0,19.0
ERR4037311,131-C,2014,10.0,6.0,6.0
ERR4037315,131-C,2014,22.0,6.0,19.0
ERR4037319,other,2014,28.0,34.0,21.0
ERR4037320,other,2014,27.0,36.0,20.0
ERR4037062,other,2014,26.0,34.0,20.0
ERR4037352,other,2014,29.0,29.0,21.0
ERR4037353,other,2014,10.0,33.0,19.0
ERR4037375,other,2014,27.0,34.0,19.0
ERR4037385,other,2014,28.0,6.0,23.0
ERR4037392,other,2014,26.0,31.0,22.0
ERR4037121,other,2014,13.0,33.0,21.0
ERR4037125,other,2014,28.0,27.0,20.0
ERR4037453,other,2014,28.0,29.0,22.0
ERR4037454,other,2014,26.0,24.0,14.0
ERR4037455,other,2014,26.0,31.0,21.0
ERR4037456,other,2014,28.0,30.0,24.0
ERR4037463,other,2014,25.0,22.0,24.0
ERR4037464,other,2014,25.0,30.0,20.0
ERR4037469,other,2014,25.0,34.0,22.0
ERR4037471,other,2014,26.0,34.0,19.0
ERR4037477,other,2014,28.0,36.0,25.0
ERR4037478,other,2014,24.0,11.0,23.0
ERR4037479,other,2014,25.0,29.0,19.0
ERR4037485,other,2014,25.0,35.0,25.0
ERR4037493,other,2014,26.0,30.0,21.0
ERR4037494,other,2014,25.0,29.0,22.0
ERR4037501,other,2014,24.0,28.0,24.0
ERR4037502,other,2014,26.0,29.0,22.0
ERR4037508,other,2014,26.0,37.0,23.0
ERR4037510,other,2014,24.0,25.0,6.0
ERR4037516,other,2014,26.0,25.0,6.0
ERR4037517,other,2014,23.0,28.0,20.0
ERR4037439,131-C,2014,10.0,6.0,22.0
ERR4037440,other,2014,24.0,30.0,20.0
ERR4037446,other,2014,24.0,23.0,7.0
ERR4037447,other,2014,25.0,30.0,23.0
ERR4034087,other,2013,27.0,27.0,21.0
ERR4034099,131-C,2013,23.0,6.0,18.0
ERR4034113,other,2013,26.0,28.0,19.0
ERR4034116,other,2013,26.0,34.0,19.0
ERR4034199,other,2013,25.0,36.0,19.0
ERR4034244,other,2013,29.0,35.0,19.0
ERR4034265,other,2013,23.0,31.0,18.0
ERR4034268,other,2013,26.0,32.0,20.0
ERR4034058,other,2013,29.0,34.0,22.0
ERR4034438,other,2013,21.0,9.0,17.0
ERR4034499,131-C,2013,29.0,6.0,6.0
ERR4034571,131-C,2013,23.0,6.0,19.0
ERR4034596,other,2013,26.0,29.0,20.0
ERR4034603,other,2013,25.0,37.0,24.0
ERR4034627,other,2013,26.0,6.0,20.0
ERR4034336,other,2013,29.0,32.0,21.0
ERR4034304,other,2013,29.0,34.0,21.0
ERR4034870,other,2013,26.0,32.0,14.0
ERR4034899,other,2013,26.0,38.0,22.0
ERR4034900,131-C,2013,24.0,6.0,20.0
ERR4034927,other,2013,26.0,37.0,25.0
ERR4034712,other,2013,29.0,35.0,24.0
ERR4035003,other,2013,30.0,40.0,24.0
ERR4035064,other,2013,26.0,38.0,6.0
ERR4034744,other,2013,29.0,38.0,25.0
ERR4034745,other,2013,26.0,36.0,20.0
ERR4035223,other,2013,25.0,33.0,22.0
ERR4035255,other,2013,25.0,34.0,22.0
ERR4035161,other,2013,24.0,34.0,21.0
ERR4035550,other,2013,25.0,30.0,25.0
ERR4035457,other,2013,26.0,13.0,24.0
ERR4035583,other,2013,23.0,35.0,25.0
ERR4035615,other,2013,27.0,36.0,24.0
ERR4035647,other,2013,24.0,33.0,23.0
ERR4035680,other,2013,25.0,9.0,10.0
ERR4035740,other,2013,27.0,31.0,24.0
ERR4035748,other,2013,28.0,39.0,26.0
ERR4035777,other,2013,28.0,35.0,25.0
ERR4035805,other,2013,26.0,33.0,24.0
ERR4035489,other,2013,26.0,20.0,24.0
ERR4035493,other,2013,28.0,30.0,24.0
ERR4035839,other,2013,25.0,33.0,21.0
ERR4035934,other,2013,27.0,32.0,21.0
ERR4035843,131-C,2013,16.0,6.0,6.0
ERR4035969,other,2013,26.0,30.0,23.0
ERR4035988,other,2013,27.0,20.0,22.0
ERR4035991,other,2013,30.0,37.0,22.0
ERR4035995,other,2013,25.0,24.0,6.0
ERR4036001,other,2013,6.0,6.0,6.0
ERR4036027,other,2013,28.0,35.0,22.0
ERR4036056,other,2013,28.0,27.0,22.0
ERR4036071,other,2013,28.0,39.0,23.0
ERR4036092,other,2013,26.0,31.0,22.0
ERR4036103,other,2013,29.0,35.0,21.0
ERR4036115,other,2013,24.0,31.0,21.0
ERR4036148,other,2013,24.0,31.0,20.0
ERR4036161,131-C,2013,27.0,6.0,21.0
ERR4036180,other,2013,11.0,6.0,9.0
ERR4036189,other,2013,23.0,6.0,22.0
ERR4036193,131-C,2013,6.0,6.0,6.0
ERR4035870,other,2013,27.0,34.0,21.0
ERR4035872,other,2013,27.0,6.0,23.0
ERR4035891,other,2013,31.0,10.0,24.0
ERR4035902,other,2013,13.0,25.0,23.0
ERR4035904,other,2013,27.0,34.0,21.0
ERR4035908,131-C,2013,26.0,6.0,21.0
ERR4035837,other,2013,25.0,22.0,21.0
ERR4035919,other,2013,27.0,34.0,22.0
ERR4035923,other,2013,25.0,9.0,22.0
ERR4036330,other,2013,28.0,31.0,22.0
ERR4036340,other,2013,26.0,35.0,24.0
ERR4036433,other,2013,26.0,39.0,24.0
ERR4036469,other,2013,31.0,40.0,25.0
ERR4036239,other,2013,27.0,38.0,23.0
ERR4036501,other,2013,25.0,28.0,24.0
ERR4036243,other,2013,25.0,37.0,24.0
ERR4036530,other,2013,28.0,27.0,25.0
ERR4036286,other,2013,25.0,6.0,18.0
ERR4036650,other,2013,27.0,35.0,23.0
ERR4036778,other,2013,27.0,12.0,18.0
ERR4036781,other,2013,28.0,28.0,22.0
ERR4036804,other,2013,27.0,32.0,20.0
ERR4036809,other,2013,18.0,22.0,16.0
ERR4036814,131-C,2013,21.0,6.0,21.0
ERR4036841,other,2013,26.0,33.0,20.0
ERR4036846,other,2013,25.0,29.0,17.0
ERR4036922,other,2013,26.0,24.0,18.0
ERR4036931,other,2013,27.0,25.0,21.0
ERR4036936,other,2013,26.0,6.0,19.0
ERR4036971,131-C,2013,6.0,6.0,17.0
ERR4036974,other,2013,6.0,25.0,8.0
ERR4036978,other,2013,27.0,36.0,18.0
ERR4036689,other,2013,26.0,30.0,17.0
ERR4036657,131-C,2013,19.0,6.0,17.0
ERR4036718,131-C,2013,24.0,6.0,19.0
ERR4036745,other,2013,28.0,35.0,18.0
ERR4036748,other,2013,25.0,40.0,18.0
ERR4037131,other,2013,22.0,32.0,21.0
ERR4037158,other,2013,24.0,28.0,21.0
ERR4037164,other,2013,6.0,6.0,8.0
ERR4037306,other,2013,26.0,32.0,21.0
ERR4037326,other,2013,24.0,33.0,21.0
ERR4037338,131-C,2013,24.0,6.0,18.0
ERR4037061,other,2013,27.0,9.0,22.0
ERR4037366,other,2013,28.0,8.0,23.0
ERR4037394,131-C,2013,25.0,6.0,6.0
ERR4037395,131-C,2013,16.0,6.0,9.0
ERR4037067,other,2013,24.0,40.0,19.0
ERR4037094,other,2013,15.0,32.0,21.0
ERR4037102,other,2013,22.0,32.0,21.0
ERR4037038,other,2013,30.0,6.0,10.0
ERR4037124,other,2013,20.0,6.0,6.0
ERR4037425,other,2013,23.0,6.0,22.0
ERR4037468,other,2013,25.0,6.0,22.0
ERR4037491,other,2013,25.0,30.0,22.0
ERR4037499,other,2013,26.0,28.0,24.0
ERR4037433,other,2013,19.0,6.0,21.0
ERR4037434,other,2013,27.0,36.0,23.0
ERR4037435,other,2013,26.0,35.0,21.0
ERR4037437,other,2013,25.0,35.0,20.0
ERR4037427,131-C,2013,19.0,6.0,22.0
ERR4034092,other,2012,25.0,35.0,20.0
ERR4034096,other,2012,26.0,24.0,19.0
ERR4034037,other,2012,25.0,32.0,18.0
ERR4034038,other,2012,28.0,34.0,20.0
ERR4034135,other,2012,26.0,36.0,19.0
ERR4034040,other,2012,27.0,28.0,20.0
ERR4034153,other,2012,27.0,37.0,20.0
ERR4034154,other,2012,28.0,32.0,22.0
ERR4034157,other,2012,25.0,25.0,25.0
ERR4034171,other,2012,27.0,39.0,6.0
ERR4034174,other,2012,25.0,33.0,19.0
ERR4034196,other,2012,26.0,31.0,19.0
ERR4034214,other,2012,26.0,30.0,19.0
ERR4034217,other,2012,26.0,32.0,19.0
ERR4034238,other,2012,28.0,33.0,20.0
ERR4034241,other,2012,25.0,32.0,19.0
ERR4034259,other,2012,28.0,33.0,20.0
ERR4034262,other,2012,26.0,32.0,19.0
ERR4034054,other,2012,30.0,35.0,20.0
ERR4034056,131-C,2012,21.0,6.0,18.0
ERR4034069,other,2012,25.0,31.0,19.0
ERR4034071,other,2012,26.0,38.0,20.0
ERR4034308,other,2012,24.0,33.0,23.0
ERR4034300,other,2012,26.0,36.0,19.0
ERR4034510,other,2012,28.0,34.0,19.0
ERR4034514,other,2012,26.0,32.0,19.0
ERR4034542,other,2012,31.0,37.0,20.0
ERR4034567,other,2012,14.0,8.0,20.0
ERR4034595,other,2012,28.0,32.0,22.0
ERR4034328,other,2012,26.0,31.0,20.0
ERR4034619,other,2012,26.0,33.0,18.0
ERR4034623,other,2012,27.0,35.0,18.0
ERR4034332,other,2012,29.0,34.0,20.0
ERR4034648,other,2012,28.0,32.0,20.0
ERR4034652,other,2012,26.0,29.0,20.0
ERR4034681,other,2012,26.0,35.0,18.0
ERR4034340,other,2012,27.0,32.0,24.0
ERR4034361,other,2012,27.0,37.0,20.0
ERR4034365,other,2012,26.0,31.0,19.0
ERR4034799,other,2012,25.0,33.0,20.0
ERR4034803,other,2012,27.0,34.0,19.0
ERR4034806,other,2012,27.0,7.0,24.0
ERR4034831,other,2012,29.0,34.0,19.0
ERR4034835,other,2012,27.0,31.0,20.0
ERR4034838,other,2012,27.0,28.0,24.0
ERR4034863,other,2012,28.0,34.0,19.0
ERR4034896,other,2012,27.0,33.0,19.0
ERR4034928,other,2012,27.0,35.0,19.0
ERR4034708,other,2012,29.0,39.0,23.0
ERR4034709,other,2012,28.0,33.0,19.0
ERR4035045,other,2012,27.0,31.0,20.0
ERR4035060,other,2012,28.0,40.0,20.0
ERR4034737,other,2012,27.0,33.0,20.0
ERR4034740,other,2012,26.0,37.0,25.0
ERR4034741,other,2012,25.0,33.0,20.0
ERR4034773,other,2012,27.0,36.0,24.0
ERR4034774,other,2012,28.0,33.0,19.0
ERR4035251,other,2012,24.0,32.0,23.0
ERR4035096,other,2012,25.0,31.0,20.0
ERR4035377,other,2012,36.0,34.0,26.0
ERR4035129,other,2012,24.0,32.0,19.0
ERR4035575,other,2012,30.0,40.0,27.0
ERR4035579,other,2012,24.0,32.0,23.0
ERR4035603,other,2012,28.0,33.0,25.0
ERR4035607,other,2012,27.0,30.0,23.0
ERR4035611,other,2012,26.0,35.0,23.0
ERR4035635,other,2012,28.0,8.0,25.0
ERR4035639,other,2012,27.0,33.0,7.0
ERR4035643,other,2012,27.0,30.0,24.0
ERR4035668,other,2012,28.0,36.0,25.0
ERR4035704,other,2012,29.0,27.0,25.0
ERR4035708,other,2012,24.0,6.0,28.0
ERR4035736,other,2012,27.0,34.0,24.0
ERR4035448,other,2012,25.0,6.0,10.0
ERR4035761,other,2012,29.0,25.0,8.0
ERR4035477,other,2012,27.0,32.0,23.0
ERR4035765,other,2012,27.0,9.0,23.0
ERR4035769,other,2012,30.0,9.0,6.0
ERR4035793,other,2012,27.0,35.0,24.0
ERR4035797,other,2012,26.0,30.0,23.0
ERR4035481,other,2012,25.0,36.0,23.0
ERR4035517,other,2012,26.0,10.0,23.0
ERR4035944,other,2012,24.0,32.0,22.0
ERR4035948,other,2012,28.0,33.0,23.0
ERR4035951,other,2012,26.0,38.0,23.0
ERR4035955,131-C,2012,26.0,6.0,6.0
ERR4035961,other,2012,22.0,34.0,21.0
ERR4035976,other,2012,27.0,35.0,23.0
ERR4035983,other,2012,27.0,24.0,8.0
ERR4035987,other,2012,26.0,40.0,23.0
ERR4035989,other,2012,27.0,29.0,21.0
ERR4035993,other,2012,25.0,34.0,23.0
ERR4035846,other,2012,26.0,30.0,20.0
ERR4036012,other,2012,30.0,39.0,24.0
ERR4036019,other,2012,28.0,15.0,26.0
ERR4036021,other,2012,28.0,38.0,23.0
ERR4036025,other,2012,27.0,28.0,23.0
ERR4035831,other,2012,27.0,32.0,22.0
ERR4036041,other,2012,29.0,38.0,24.0
ERR4036045,other,2012,32.0,32.0,24.0
ERR4035854,other,2012,27.0,38.0,23.0
ERR4036084,131-C,2012,27.0,6.0,20.0
ERR4036088,other,2012,26.0,34.0,22.0
ERR4036107,other,2012,28.0,35.0,24.0
ERR4036111,other,2012,27.0,37.0,23.0
ERR4036120,other,2012,27.0,37.0,23.0
ERR4036135,other,2012,28.0,6.0,23.0
ERR4036139,other,2012,27.0,36.0,23.0
ERR4036143,other,2012,27.0,34.0,23.0
ERR4036153,other,2012,27.0,37.0,23.0
ERR4035862,other,2012,27.0,37.0,22.0
ERR4036172,other,2012,20.0,34.0,23.0
ERR4036176,other,2012,27.0,14.0,23.0
ERR4036181,other,2012,29.0,36.0,24.0
ERR4036200,other,2012,25.0,25.0,24.0
ERR4036204,131-C,2012,27.0,6.0,6.0
ERR4036213,other,2012,28.0,40.0,23.0
ERR4035833,other,2012,27.0,35.0,22.0
ERR4035879,other,2012,25.0,31.0,20.0
ERR4035835,other,2012,26.0,35.0,22.0
ERR4035892,other,2012,23.0,28.0,22.0
ERR4035900,131-C,2012,24.0,6.0,22.0
ERR4035911,other,2012,30.0,29.0,23.0
ERR4035915,other,2012,29.0,35.0,23.0
ERR4035924,other,2012,27.0,6.0,24.0
ERR4035928,other,2012,29.0,32.0,23.0
ERR4036328,other,2012,28.0,36.0,24.0
ERR4036360,other,2012,27.0,35.0,25.0
ERR4036392,other,2012,26.0,30.0,25.0
ERR4036396,other,2012,29.0,39.0,26.0
ERR4036425,other,2012,26.0,36.0,23.0
ERR4036429,other,2012,28.0,6.0,23.0
ERR4036461,other,2012,25.0,33.0,25.0
ERR4036465,other,2012,25.0,32.0,24.0
ERR4036503,other,2012,23.0,30.0,19.0
ERR4036529,other,2012,30.0,45.0,24.0
ERR4036554,other,2012,26.0,24.0,23.0
ERR4036558,other,2012,27.0,28.0,22.0
ERR4036577,other,2012,30.0,32.0,20.0
ERR4036586,other,2012,28.0,37.0,23.0
ERR4036263,other,2012,29.0,39.0,26.0
ERR4036627,other,2012,26.0,23.0,25.0
ERR4036632,other,2012,28.0,42.0,20.0
ERR4036633,other,2012,26.0,31.0,19.0
ERR4036635,other,2012,23.0,34.0,23.0
ERR4036640,other,2012,30.0,15.0,12.0
ERR4036641,other,2012,27.0,28.0,19.0
ERR4036647,other,2012,27.0,35.0,21.0
ERR4036648,other,2012,29.0,32.0,18.0
ERR4036652,other,2012,26.0,32.0,20.0
ERR4036769,other,2012,23.0,25.0,18.0
ERR4036774,other,2012,26.0,29.0,18.0
ERR4036801,other,2012,25.0,29.0,19.0
ERR4036833,other,2012,26.0,30.0,19.0
ERR4036835,131-C,2012,28.0,6.0,20.0
ERR4036864,other,2012,24.0,30.0,18.0
ERR4036870,other,2012,15.0,24.0,20.0
ERR4036902,other,2012,26.0,6.0,20.0
ERR4036903,131-C,2012,16.0,6.0,19.0
ERR4036909,other,2012,28.0,34.0,22.0
ERR4036910,other,2012,25.0,34.0,19.0
ERR4036928,other,2012,24.0,30.0,18.0
ERR4036938,other,2012,26.0,33.0,20.0
ERR4036939,other,2012,26.0,30.0,19.0
ERR4036960,other,2012,24.0,32.0,18.0
ERR4036963,other,2012,26.0,33.0,19.0
ERR4036970,other,2012,28.0,32.0,19.0
ERR4036684,other,2012,26.0,32.0,19.0
ERR4036992,other,2012,25.0,36.0,19.0
ERR4036998,other,2012,26.0,37.0,19.0
ERR4036999,other,2012,26.0,31.0,19.0
ERR4037026,other,2012,26.0,34.0,19.0
ERR4036706,other,2012,8.0,6.0,6.0
ERR4036709,other,2012,27.0,32.0,20.0
ERR4036710,other,2012,26.0,32.0,19.0
ERR4036736,other,2012,25.0,30.0,18.0
ERR4036740,other,2012,28.0,32.0,20.0
ERR4036742,other,2012,27.0,31.0,20.0
ERR4037153,other,2012,11.0,6.0,23.0
ERR4037160,other,2012,28.0,33.0,20.0
ERR4037184,other,2012,20.0,30.0,21.0
ERR4037194,other,2012,26.0,33.0,20.0
ERR4037216,other,2012,26.0,28.0,23.0
ERR4037223,other,2012,28.0,34.0,20.0
ERR4037249,other,2012,23.0,23.0,6.0
ERR4037256,other,2012,28.0,33.0,20.0
ERR4037284,other,2012,12.0,23.0,6.0
ERR4037287,other,2012,18.0,33.0,23.0
ERR4037294,other,2012,27.0,40.0,24.0
ERR4037295,other,2012,25.0,27.0,22.0
ERR4037317,other,2012,25.0,21.0,21.0
ERR4037321,other,2012,29.0,25.0,25.0
ERR4037330,other,2012,34.0,40.0,27.0
ERR4037348,other,2012,25.0,28.0,22.0
ERR4037351,other,2012,27.0,26.0,9.0
ERR4037358,131-C,2012,13.0,6.0,6.0
ERR4037063,other,2012,24.0,34.0,18.0
ERR4037381,other,2012,25.0,30.0,22.0
ERR4037386,131-C,2012,22.0,6.0,22.0
ERR4037387,other,2012,26.0,37.0,24.0
ERR4037411,other,2012,23.0,29.0,21.0
ERR4037096,other,2012,28.0,35.0,11.0
ERR4037127,other,2012,26.0,37.0,22.0
ERR4037431,other,2012,27.0,34.0,22.0
ERR4037432,other,2012,25.0,30.0,22.0
ERR4034100,other,2011,27.0,32.0,20.0
ERR4034107,other,2011,27.0,34.0,19.0
ERR4034132,other,2011,27.0,34.0,29.0
ERR4034164,other,2011,25.0,25.0,18.0
ERR4034213,other,2011,26.0,32.0,19.0
ERR4034234,other,2011,10.0,6.0,19.0
ERR4034506,other,2011,15.0,6.0,20.0
ERR4034530,other,2011,27.0,33.0,21.0
ERR4034546,other,2011,28.0,34.0,23.0
ERR4034324,other,2011,28.0,37.0,20.0
ERR4034559,other,2011,29.0,34.0,23.0
ERR4034587,other,2011,25.0,35.0,19.0
ERR4034644,other,2011,27.0,38.0,20.0
ERR4034675,other,2011,27.0,36.0,23.0
ERR4034795,other,2011,25.0,36.0,20.0
ERR4034813,other,2011,29.0,29.0,23.0
ERR4034834,other,2011,25.0,8.0,23.0
ERR4034837,other,2011,29.0,34.0,23.0
ERR4034841,other,2011,30.0,37.0,23.0
ERR4034895,other,2011,28.0,37.0,23.0
ERR4034898,other,2011,24.0,28.0,21.0
ERR4034705,other,2011,27.0,33.0,21.0
ERR4034954,other,2011,28.0,7.0,22.0
ERR4034967,other,2011,27.0,37.0,23.0
ERR4035038,other,2011,27.0,37.0,22.0
ERR4034731,other,2011,28.0,8.0,24.0
ERR4035215,other,2011,26.0,32.0,22.0
ERR4035247,other,2011,28.0,35.0,25.0
ERR4035345,other,2011,29.0,26.0,25.0
ERR4035562,131-C,2011,18.0,6.0,22.0
ERR4035595,other,2011,26.0,32.0,21.0
ERR4035655,other,2011,28.0,39.0,23.0
ERR4035469,other,2011,27.0,6.0,23.0
ERR4035720,other,2011,26.0,30.0,23.0
ERR4035473,other,2011,30.0,38.0,22.0
ERR4035753,other,2011,28.0,37.0,23.0
ERR4035757,other,2011,28.0,36.0,22.0
ERR4035785,other,2011,29.0,33.0,21.0
ERR4035505,other,2011,26.0,35.0,22.0
ERR4035537,other,2011,14.0,6.0,9.0
ERR4035942,other,2011,29.0,38.0,22.0
ERR4035949,other,2011,16.0,6.0,23.0
ERR4035974,other,2011,30.0,34.0,23.0
ERR4035979,other,2011,28.0,6.0,23.0
ERR4035981,131-C,2011,23.0,6.0,26.0
ERR4035985,other,2011,27.0,31.0,20.0
ERR4036011,other,2011,29.0,37.0,23.0
ERR4036013,131-C,2011,28.0,6.0,22.0
ERR4036017,other,2011,25.0,30.0,20.0
ERR4035850,other,2011,28.0,25.0,22.0
ERR4036044,other,2011,28.0,33.0,22.0
ERR4035852,other,2011,27.0,37.0,21.0
ERR4036072,131-C,2011,6.0,6.0,22.0
ERR4036080,other,2011,29.0,6.0,23.0
ERR4036112,other,2011,25.0,35.0,22.0
ERR4036140,other,2011,28.0,35.0,23.0
ERR4036205,other,2011,27.0,23.0,23.0
ERR4035884,other,2011,31.0,38.0,24.0
ERR4035888,other,2011,28.0,32.0,17.0
ERR4035914,other,2011,28.0,37.0,23.0
ERR4035916,other,2011,28.0,15.0,13.0
ERR4035920,other,2011,28.0,32.0,24.0
ERR4036226,other,2011,26.0,36.0,24.0
ERR4036375,other,2011,27.0,31.0,19.0
ERR4036388,other,2011,30.0,42.0,25.0
ERR4036411,131-C,2011,26.0,6.0,22.0
ERR4036457,other,2011,26.0,33.0,23.0
ERR4036467,131-C,2011,23.0,6.0,6.0
ERR4036489,other,2011,26.0,32.0,24.0
ERR4036241,other,2011,27.0,35.0,21.0
ERR4036517,other,2011,28.0,35.0,23.0
ERR4036521,other,2011,26.0,35.0,24.0
ERR4036527,other,2011,27.0,36.0,21.0
ERR4036245,other,2011,26.0,35.0,20.0
ERR4036546,other,2011,29.0,37.0,23.0
ERR4036550,other,2011,35.0,43.0,25.0
ERR4036578,other,2011,30.0,35.0,23.0
ERR4036596,other,2011,26.0,35.0,20.0
ERR4036273,other,2011,28.0,24.0,11.0
ERR4036277,other,2011,26.0,35.0,21.0
ERR4036291,other,2011,29.0,35.0,24.0
ERR4036305,other,2011,31.0,36.0,20.0
ERR4036631,other,2011,19.0,33.0,20.0
ERR4036634,other,2011,24.0,27.0,22.0
ERR4036639,other,2011,26.0,32.0,20.0
ERR4036646,other,2011,29.0,39.0,20.0
ERR4036906,other,2011,27.0,6.0,28.0
ERR4036924,other,2011,29.0,33.0,20.0
ERR4036937,other,2011,28.0,6.0,16.0
ERR4036969,other,2011,26.0,35.0,28.0
ERR4036989,other,2011,27.0,32.0,20.0
ERR4037018,other,2011,23.0,35.0,20.0
ERR4037190,other,2011,31.0,30.0,30.0
ERR4037219,other,2011,25.0,33.0,25.0
ERR4037282,other,2011,29.0,34.0,22.0
ERR4037286,other,2011,21.0,25.0,20.0
ERR4037057,other,2011,26.0,40.0,21.0
ERR4037314,other,2011,25.0,31.0,21.0
ERR4037316,other,2011,24.0,35.0,19.0
ERR4037318,other,2011,27.0,34.0,23.0
ERR4037374,other,2011,27.0,28.0,19.0
ERR4037382,other,2011,25.0,25.0,20.0
ERR4037410,other,2011,24.0,29.0,20.0
ERR4037034,other,2011,28.0,36.0,29.0
ERR4037090,other,2011,30.0,6.0,6.0
ERR4037120,other,2011,30.0,8.0,9.0
ERR4037428,other,2011,17.0,32.0,8.0
ERR4037429,other,2011,28.0,32.0,21.0
ERR4037430,other,2011,29.0,33.0,19.0
ERR4034097,other,2010,34.0,39.0,25.0
ERR4034108,other,2010,28.0,6.0,25.0
ERR4034121,other,2010,32.0,39.0,26.0
ERR4034136,other,2010,30.0,37.0,27.0
ERR4034161,other,2010,28.0,28.0,20.0
ERR4034210,other,2010,33.0,16.0,27.0
ERR4034235,other,2010,34.0,29.0,26.0
ERR4034255,other,2010,31.0,37.0,26.0
ERR4034298,other,2010,34.0,29.0,26.0
ERR4034057,other,2010,34.0,40.0,26.0
ERR4034072,other,2010,28.0,6.0,25.0
ERR4034429,other,2010,32.0,31.0,28.0
ERR4034460,other,2010,32.0,40.0,25.0
ERR4034486,other,2010,35.0,38.0,25.0
ERR4034490,other,2010,32.0,36.0,26.0
ERR4034512,other,2010,34.0,40.0,26.0
ERR4034540,other,2010,31.0,30.0,28.0
ERR4034558,other,2010,36.0,44.0,30.0
ERR4034585,other,2010,30.0,35.0,25.0
ERR4034613,other,2010,30.0,36.0,26.0
ERR4034622,other,2010,34.0,40.0,29.0
ERR4034626,other,2010,40.0,36.0,31.0
ERR4034633,other,2010,18.0,6.0,28.0
ERR4034659,other,2010,34.0,43.0,23.0
ERR4034666,other,2010,18.0,38.0,25.0
ERR4034397,other,2010,32.0,35.0,26.0
ERR4034785,other,2010,29.0,33.0,24.0
ERR4034802,other,2010,29.0,36.0,28.0
ERR4034809,other,2010,30.0,34.0,24.0
ERR4034861,other,2010,32.0,38.0,25.0
ERR4034894,other,2010,33.0,37.0,24.0
ERR4035030,other,2010,31.0,32.0,20.0
ERR4035059,other,2010,31.0,34.0,25.0
ERR4034727,other,2010,30.0,25.0,6.0
ERR4034751,other,2010,28.0,27.0,6.0
ERR4035076,other,2010,26.0,39.0,28.0
ERR4035226,other,2010,32.0,30.0,29.0
ERR4035266,other,2010,34.0,42.0,30.0
ERR4035295,other,2010,34.0,39.0,28.0
ERR4035090,other,2010,31.0,33.0,26.0
ERR4035332,other,2010,32.0,36.0,23.0
ERR4035397,other,2010,30.0,33.0,23.0
ERR4035427,other,2010,32.0,38.0,28.0
ERR4035438,131-C,2010,34.0,6.0,6.0
ERR4035140,other,2010,34.0,41.0,29.0
ERR4035558,131-C,2010,30.0,6.0,26.0
ERR4035497,other,2010,32.0,39.0,26.0
ERR4035938,other,2010,32.0,26.0,24.0
ERR4035945,other,2010,34.0,28.0,26.0
ERR4035970,other,2010,18.0,6.0,8.0
ERR4036009,other,2010,31.0,36.0,21.0
ERR4036031,other,2010,30.0,24.0,24.0
ERR4036035,other,2010,38.0,44.0,26.0
ERR4036105,other,2010,31.0,35.0,22.0
ERR4036130,other,2010,34.0,43.0,23.0
ERR4036166,131-C,2010,33.0,6.0,6.0
ERR4036357,other,2010,36.0,36.0,23.0
ERR4036414,other,2010,32.0,37.0,25.0
ERR4036418,other,2010,32.0,37.0,23.0
ERR4036451,other,2010,30.0,29.0,25.0
ERR4036260,other,2010,34.0,43.0,26.0
ERR4036292,other,2010,33.0,39.0,23.0
ERR4036610,other,2010,35.0,36.0,18.0
ERR4036611,other,2010,20.0,32.0,26.0
ERR4036619,other,2010,30.0,36.0,25.0
ERR4036664,other,2010,34.0,41.0,29.0
ERR4036884,other,2010,35.0,38.0,27.0
ERR4036996,other,2010,30.0,38.0,26.0
ERR4037011,other,2010,34.0,40.0,28.0
ERR4037028,other,2010,27.0,31.0,22.0
ERR4036695,other,2010,33.0,29.0,28.0
ERR4036726,other,2010,34.0,29.0,27.0
ERR4037144,other,2010,31.0,22.0,25.0
ERR4037156,other,2010,30.0,34.0,26.0
ERR4037177,other,2010,31.0,36.0,22.0
ERR4037210,other,2010,33.0,36.0,24.0
ERR4037248,other,2010,30.0,34.0,26.0
ERR4037278,other,2010,29.0,36.0,23.0
ERR4037310,other,2010,32.0,34.0,25.0
ERR4037313,other,2010,36.0,26.0,6.0
ERR4037059,131-C,2010,28.0,6.0,13.0
ERR4037344,other,2010,39.0,38.0,38.0
ERR4037092,other,2010,30.0,26.0,28.0
ERR4037126,other,2010,30.0,34.0,16.0
ERR4037460,other,2010,37.0,45.0,24.0
ERR4037436,other,2010,33.0,41.0,25.0
ERR4034094,other,2009,34.0,41.0,30.0
ERR4034118,other,2009,25.0,38.0,29.0
ERR4034182,other,2009,30.0,37.0,27.0
ERR4034228,other,2009,32.0,38.0,26.0
ERR4034231,other,2009,32.0,37.0,30.0
ERR4034273,other,2009,30.0,34.0,28.0
ERR4034295,other,2009,33.0,37.0,27.0
ERR4034424,other,2009,31.0,31.0,29.0
ERR4034427,other,2009,28.0,36.0,27.0
ERR4034428,other,2009,30.0,31.0,29.0
ERR4034455,other,2009,30.0,36.0,29.0
ERR4034459,other,2009,31.0,30.0,30.0
ERR4034480,other,2009,30.0,38.0,28.0
ERR4034489,other,2009,30.0,34.0,27.0
ERR4034554,other,2009,28.0,6.0,27.0
ERR4034601,other,2009,32.0,27.0,28.0
ERR4034614,other,2009,29.0,6.0,19.0
ERR4034331,other,2009,32.0,30.0,22.0
ERR4034654,other,2009,30.0,6.0,28.0
ERR4034334,other,2009,30.0,27.0,27.0
ERR4034379,other,2009,30.0,36.0,27.0
ERR4034392,other,2009,31.0,38.0,27.0
ERR4034805,other,2009,30.0,32.0,20.0
ERR4034695,other,2009,32.0,32.0,22.0
ERR4034857,other,2009,30.0,34.0,23.0
ERR4034946,other,2009,30.0,35.0,22.0
ERR4035026,other,2009,29.0,30.0,23.0
ERR4035055,other,2009,34.0,36.0,25.0
ERR4034776,other,2009,32.0,32.0,25.0
ERR4035222,other,2009,33.0,40.0,27.0
ERR4035250,other,2009,7.0,6.0,16.0
ERR4035254,131-C,2009,33.0,6.0,26.0
ERR4035068,other,2009,31.0,38.0,27.0
ERR4035286,other,2009,39.0,38.0,25.0
ERR4035393,other,2009,32.0,28.0,11.0
ERR4035099,other,2009,34.0,41.0,28.0
ERR4035410,other,2009,32.0,6.0,26.0
ERR4035419,other,2009,32.0,37.0,27.0
ERR4035424,other,2009,29.0,38.0,27.0
ERR4035425,other,2009,33.0,34.0,24.0
ERR4035072,other,2009,33.0,40.0,28.0
ERR4035933,other,2009,32.0,36.0,24.0
ERR4035937,other,2009,6.0,6.0,6.0
ERR4035840,other,2009,32.0,35.0,23.0
ERR4035962,other,2009,31.0,36.0,25.0
ERR4035994,other,2009,35.0,35.0,24.0
ERR4036060,other,2009,34.0,34.0,25.0
ERR4036094,other,2009,30.0,33.0,24.0
ERR4036101,other,2009,31.0,6.0,25.0
ERR4036158,other,2009,29.0,33.0,22.0
ERR4036159,other,2009,30.0,35.0,25.0
ERR4036191,other,2009,34.0,37.0,24.0
ERR4035905,other,2009,30.0,35.0,26.0
ERR4036223,other,2009,32.0,37.0,26.0
ERR4036316,131-C,2009,34.0,6.0,6.0
ERR4036349,other,2009,33.0,34.0,25.0
ERR4036353,131-C,2009,27.0,7.0,22.0
ERR4036219,other,2009,33.0,36.0,25.0
ERR4036284,131-C,2009,30.0,6.0,9.0
ERR4036780,other,2009,30.0,36.0,29.0
ERR4036785,other,2009,28.0,37.0,28.0
ERR4036813,other,2009,27.0,37.0,28.0
ERR4036876,other,2009,27.0,26.0,27.0
ERR4037025,other,2009,28.0,35.0,28.0
ERR4036749,other,2009,30.0,28.0,28.0
ERR4037151,131-C,2009,28.0,6.0,27.0
ERR4037169,other,2009,20.0,6.0,8.0
ERR4037044,other,2009,31.0,34.0,24.0
ERR4037173,other,2009,32.0,34.0,25.0
ERR4037180,other,2009,23.0,34.0,27.0
ERR4037195,other,2009,32.0,36.0,22.0
ERR4037202,other,2009,33.0,35.0,25.0
ERR4037203,other,2009,31.0,33.0,25.0
ERR4037212,other,2009,30.0,35.0,27.0
ERR4037230,other,2009,30.0,36.0,22.0
ERR4037231,other,2009,31.0,34.0,24.0
ERR4037238,other,2009,27.0,33.0,23.0
ERR4037243,other,2009,40.0,40.0,25.0
ERR4037259,other,2009,34.0,35.0,24.0
ERR4037053,other,2009,32.0,36.0,28.0
ERR4037266,131-C,2009,29.0,6.0,22.0
ERR4037267,other,2009,31.0,31.0,24.0
ERR4037055,other,2009,28.0,31.0,26.0
ERR4037373,other,2009,31.0,38.0,37.0
ERR4037073,other,2009,33.0,28.0,22.0
ERR4037088,other,2009,26.0,6.0,28.0
ERR4037103,131-C,2009,35.0,6.0,6.0
ERR4037107,other,2009,31.0,35.0,23.0
ERR4037116,other,2009,30.0,33.0,26.0
ERR4037122,other,2009,26.0,33.0,26.0
ERR4034155,other,2008,31.0,38.0,27.0
ERR4034166,131-C,2008,10.0,6.0,17.0
ERR4034260,other,2008,29.0,32.0,24.0
ERR4034292,other,2008,33.0,38.0,20.0
ERR4034416,other,2008,31.0,38.0,28.0
ERR4034476,other,2008,32.0,6.0,28.0
ERR4034513,other,2008,29.0,35.0,26.0
ERR4034528,other,2008,32.0,38.0,28.0
ERR4034553,other,2008,26.0,23.0,30.0
ERR4034330,other,2008,32.0,40.0,30.0
ERR4034646,other,2008,32.0,40.0,27.0
ERR4034384,other,2008,31.0,36.0,23.0
ERR4034797,other,2008,31.0,6.0,26.0
ERR4034801,131-C,2008,30.0,6.0,25.0
ERR4034825,other,2008,30.0,6.0,9.0
ERR4034829,other,2008,30.0,34.0,26.0
ERR4034938,other,2008,30.0,33.0,23.0
ERR4034715,other,2008,30.0,32.0,23.0
ERR4035047,other,2008,33.0,34.0,23.0
ERR4034739,other,2008,33.0,33.0,25.0
ERR4034691,other,2008,28.0,32.0,20.0
ERR4034772,other,2008,34.0,34.0,25.0
ERR4035185,other,2008,34.0,42.0,28.0
ERR4035189,other,2008,33.0,41.0,29.0
ERR4035218,131-C,2008,34.0,6.0,14.0
ERR4035313,other,2008,30.0,6.0,6.0
ERR4035416,other,2008,30.0,40.0,25.0
ERR4035420,other,2008,29.0,8.0,27.0
ERR4036121,other,2008,32.0,34.0,22.0
ERR4036125,other,2008,29.0,30.0,23.0
ERR4036154,other,2008,29.0,29.0,23.0
ERR4036186,131-C,2008,16.0,6.0,24.0
ERR4036602,other,2008,31.0,33.0,24.0
ERR4036609,other,2008,31.0,33.0,24.0
ERR4036893,other,2008,36.0,39.0,30.0
ERR4036898,other,2008,36.0,6.0,29.0
ERR4036905,other,2008,31.0,6.0,28.0
ERR4036929,other,2008,34.0,38.0,28.0
ERR4036940,other,2008,31.0,38.0,29.0
ERR4036685,other,2008,33.0,39.0,28.0
ERR4037003,other,2008,31.0,38.0,26.0
ERR4036687,other,2008,32.0,26.0,28.0
ERR4036703,other,2008,36.0,38.0,30.0
ERR4036713,other,2008,34.0,30.0,29.0
ERR4036732,other,2008,37.0,40.0,30.0
ERR4037145,other,2008,29.0,6.0,28.0
ERR4037157,other,2008,32.0,24.0,26.0
ERR4037165,other,2008,32.0,32.0,23.0
ERR4037187,other,2008,32.0,34.0,24.0
ERR4037222,other,2008,32.0,34.0,24.0
ERR4037229,other,2008,32.0,6.0,9.0
ERR4037254,other,2008,27.0,33.0,24.0
ERR4037258,other,2008,33.0,29.0,24.0
ERR4037260,other,2008,35.0,39.0,28.0
ERR4037070,other,2008,33.0,36.0,25.0
ERR4037083,other,2008,20.0,30.0,26.0
ERR4037093,other,2008,30.0,35.0,23.0
ERR4037097,other,2008,34.0,6.0,24.0
ERR4037099,other,2008,33.0,32.0,23.0
ERR4037105,other,2008,26.0,39.0,26.0
ERR4037112,other,2008,31.0,36.0,25.0
ERR4037128,other,2008,32.0,33.0,22.0
ERR4034031,other,2007,31.0,24.0,11.0
ERR4034201,other,2007,32.0,29.0,16.0
ERR4034218,other,2007,20.0,39.0,14.0
ERR4034443,other,2007,28.0,35.0,27.0
ERR4034447,other,2007,28.0,31.0,26.0
ERR4034468,other,2007,15.0,35.0,26.0
ERR4034488,other,2007,33.0,37.0,22.0
ERR4034509,131-C,2007,30.0,6.0,26.0
ERR4034524,other,2007,30.0,29.0,26.0
ERR4034322,other,2007,28.0,38.0,26.0
ERR4034541,other,2007,30.0,35.0,28.0
ERR4034569,other,2007,30.0,24.0,28.0
ERR4034573,other,2007,36.0,40.0,28.0
ERR4034589,other,2007,30.0,26.0,28.0
ERR4034602,other,2007,30.0,8.0,27.0
ERR4034606,131-C,2007,6.0,6.0,25.0
ERR4034657,other,2007,30.0,38.0,26.0
ERR4034347,other,2007,30.0,37.0,27.0
ERR4034305,other,2007,30.0,34.0,26.0
ERR4034370,other,2007,23.0,42.0,30.0
ERR4034374,other,2007,32.0,39.0,30.0
ERR4034380,other,2007,28.0,35.0,27.0
ERR4034391,other,2007,29.0,34.0,28.0
ERR4034878,other,2007,32.0,26.0,10.0
ERR4034913,other,2007,33.0,35.0,24.0
ERR4034934,other,2007,32.0,27.0,21.0
ERR4034985,other,2007,32.0,23.0,12.0
ERR4035014,other,2007,28.0,25.0,23.0
ERR4034764,other,2007,29.0,6.0,23.0
ERR4035183,other,2007,21.0,31.0,26.0
ERR4035280,other,2007,32.0,36.0,25.0
ERR4035444,other,2007,30.0,38.0,30.0
ERR4036113,other,2007,30.0,6.0,23.0
ERR4036117,other,2007,30.0,31.0,22.0
ERR4036206,other,2007,30.0,13.0,6.0
ERR4036463,other,2007,34.0,38.0,29.0
ERR4036772,other,2007,30.0,37.0,31.0
ERR4036894,other,2007,33.0,38.0,29.0
ERR4036895,other,2007,33.0,40.0,29.0
ERR4036681,other,2007,34.0,40.0,30.0
ERR4037027,other,2007,30.0,37.0,29.0
ERR4036708,other,2007,34.0,30.0,30.0
ERR4037148,other,2007,36.0,32.0,24.0
ERR4037159,131-C,2007,34.0,8.0,8.0
ERR4037183,other,2007,30.0,33.0,24.0
ERR4037218,other,2007,22.0,31.0,23.0
ERR4037237,other,2007,30.0,34.0,26.0
ERR4037239,other,2007,31.0,35.0,25.0
ERR4037255,other,2007,29.0,39.0,21.0
ERR4037268,other,2007,28.0,41.0,27.0
ERR4037272,other,2007,32.0,28.0,26.0
ERR4037056,other,2007,34.0,38.0,24.0
ERR4037305,other,2007,30.0,25.0,24.0
ERR4037325,other,2007,33.0,28.0,26.0
ERR4037340,other,2007,34.0,36.0,25.0
ERR4037371,other,2007,32.0,36.0,25.0
ERR4037066,other,2007,30.0,37.0,22.0
ERR4037085,other,2007,31.0,32.0,23.0
ERR4034405,other,2006,34.0,37.0,24.0
ERR4034478,other,2006,30.0,34.0,23.0
ERR4034495,other,2006,30.0,38.0,24.0
ERR4034505,other,2006,33.0,10.0,27.0
ERR4034527,other,2006,34.0,37.0,27.0
ERR4034537,other,2006,35.0,40.0,28.0
ERR4034323,other,2006,35.0,38.0,27.0
ERR4034560,other,2006,28.0,6.0,25.0
ERR4034592,other,2006,32.0,36.0,26.0
ERR4034638,other,2006,32.0,34.0,24.0
ERR4034346,131-C,2006,29.0,6.0,13.0
ERR4034366,other,2006,30.0,36.0,27.0
ERR4034376,other,2006,31.0,40.0,29.0
ERR4034881,other,2006,32.0,33.0,22.0
ERR4034941,other,2006,36.0,32.0,23.0
ERR4034690,other,2006,33.0,35.0,23.0
ERR4035069,other,2006,32.0,32.0,26.0
ERR4035389,other,2006,30.0,30.0,20.0
ERR4035126,other,2006,30.0,26.0,15.0
ERR4035943,other,2006,33.0,31.0,24.0
ERR4035975,other,2006,35.0,33.0,24.0
ERR4036022,other,2006,20.0,26.0,22.0
ERR4036073,other,2006,35.0,32.0,24.0
ERR4036109,other,2006,32.0,36.0,25.0
ERR4036141,other,2006,32.0,33.0,24.0
ERR4035836,other,2006,30.0,6.0,22.0
ERR4035901,other,2006,31.0,33.0,24.0
ERR4036472,other,2006,32.0,38.0,26.0
ERR4036601,other,2006,32.0,6.0,20.0
ERR4036605,other,2006,28.0,23.0,24.0
ERR4036598,other,2006,34.0,32.0,24.0
ERR4036798,other,2006,31.0,38.0,27.0
ERR4036800,other,2006,11.0,24.0,28.0
ERR4036825,other,2006,34.0,40.0,30.0
ERR4036832,other,2006,27.0,38.0,27.0
ERR4036897,other,2006,33.0,37.0,28.0
ERR4036933,other,2006,28.0,10.0,26.0
ERR4036707,other,2006,30.0,39.0,28.0
ERR4036734,other,2006,32.0,11.0,26.0
ERR4037141,other,2006,33.0,39.0,28.0
ERR4037175,other,2006,34.0,36.0,25.0
ERR4037045,other,2006,33.0,40.0,26.0
ERR4037263,other,2006,32.0,37.0,36.0
ERR4037332,other,2006,33.0,39.0,28.0
ERR4037398,other,2006,32.0,38.0,27.0
ERR4037108,other,2006,31.0,35.0,25.0
ERR4037113,other,2006,37.0,42.0,26.0
ERR4034145,other,2005,0.25,0.016,0.5
ERR4034176,other,2005,0.25,0.032,0.5
ERR4034198,other,2005,0.125,0.008,0.5
ERR4034243,other,2005,0.25,0.016,0.5
ERR4034264,other,2005,0.125,0.016,0.5
ERR4034398,other,2005,0.125,16.0,0.25
ERR4034401,other,2005,0.25,0.008,0.5
ERR4034491,other,2005,0.25,0.008,0.25
ERR4034318,other,2005,0.125,32.0,0.25
ERR4034523,other,2005,0.25,0.016,1.0
ERR4034566,other,2005,0.125,0.008,0.25
ERR4034588,other,2005,0.125,0.016,2.0
ERR4034620,other,2005,0.125,0.016,0.125
ERR4034634,other,2005,0.25,0.008,1.0
ERR4034339,other,2005,0.125,32.0,0.5
ERR4035033,other,2005,0.125,0.016,0.5
ERR4035062,other,2005,0.125,0.016,0.5
ERR4034686,other,2005,0.25,0.25,0.5
ERR4034779,other,2005,0.125,0.008,0.25
ERR4035436,other,2005,0.125,0.008,0.25
ERR4035800,other,2005,0.125,0.016,0.25
ERR4035929,other,2005,0.5,0.008,0.25
ERR4035971,other,2005,0.25,8.0,1.0
ERR4036003,other,2005,1.0,0.032,0.25
ERR4036036,other,2005,0.25,0.016,1.0
ERR4036104,other,2005,0.125,0.016,0.5
ERR4036169,other,2005,0.25,0.016,2.0
ERR4035893,other,2005,0.125,0.016,0.25
ERR4035925,other,2005,0.125,0.008,0.25
ERR4036604,other,2005,4.0,1.0,1.0
ERR4036612,other,2005,0.5,0.016,0.5
ERR4036615,other,2005,0.125,0.008,0.25
ERR4036765,other,2005,0.5,0.032,1.0
ERR4036796,other,2005,0.25,0.016,0.25
ERR4036853,other,2005,0.25,4.0,8.0
ERR4036860,other,2005,0.064,0.016,0.5
ERR4036930,other,2005,0.5,4.0,0.5
ERR4036990,other,2005,0.5,0.008,1.0
ERR4037022,other,2005,0.125,0.125,128.0
ERR4037040,other,2005,0.25,0.008,0.5
ERR4037303,other,2005,0.25,8.0,0.5
ERR4037327,other,2005,0.25,0.016,0.25
ERR4037369,other,2005,0.5,0.016,0.5
ERR4037400,other,2005,0.125,0.008,0.5
ERR4037074,other,2005,0.5,32.0,1.0
ERR4034149,other,2004,30.0,0.016,1.0
ERR4034400,other,2004,36.0,0.016,0.5
ERR4034432,other,2004,36.0,0.016,0.125
ERR4034465,other,2004,34.0,0.032,2.0
ERR4034497,other,2004,34.0,0.016,0.25
ERR4034319,other,2004,30.0,0.5,2.0
ERR4034519,other,2004,36.0,0.016,0.5
ERR4034616,other,2004,34.0,0.016,0.5
ERR4034649,other,2004,34.0,0.032,0.5
ERR4034358,other,2004,34.0,0.016,0.5
ERR4034394,other,2004,38.0,0.016,0.5
ERR4034793,other,2004,28.0,0.5,2.0
ERR4034821,other,2004,34.0,0.016,0.5
ERR4034840,other,2004,0.125,0.016,0.064
ERR4034845,other,2004,33.0,0.016,0.5
ERR4034906,131-C,2004,35.0,32.0,32.0
ERR4034937,other,2004,0.25,0.008,0.25
ERR4034959,other,2004,32.0,0.016,0.5
ERR4034714,other,2004,0.25,0.016,1.0
ERR4035029,other,2004,22.0,0.016,0.25
ERR4035058,other,2004,25.0,0.032,0.25
ERR4035217,other,2004,32.0,0.016,1.0
ERR4035281,other,2004,8.0,0.016,0.5
ERR4035310,other,2004,32.0,0.016,0.25
ERR4035413,other,2004,34.0,0.008,0.25
ERR4035151,other,2004,34.0,0.016,0.25
ERR4035796,other,2004,0.125,0.008,0.25
ERR4035828,other,2004,0.125,0.008,0.25
ERR4036474,other,2004,37.0,0.25,0.5
ERR4036559,other,2004,35.0,0.016,0.25
ERR4036583,other,2004,34.0,0.016,0.25
ERR4036758,other,2004,26.0,0.016,0.25
ERR4036789,other,2004,0.125,0.008,0.25
ERR4036665,other,2004,0.5,0.016,1.0
ERR4036792,other,2004,31.0,0.032,0.25
ERR4036819,other,2004,28.0,0.032,0.25
ERR4036824,other,2004,33.0,0.016,0.25
ERR4036854,other,2004,25.0,0.016,0.25
ERR4036889,other,2004,30.0,0.016,0.5
ERR4036955,other,2004,0.25,0.008,0.25
ERR4036956,other,2004,32.0,0.032,0.25
ERR4036697,other,2004,1.0,0.008,256.0
ERR4034106,other,2003,0.25,0.008,0.25
ERR4034283,other,2003,0.25,32.0,0.25
ERR4034294,other,2003,0.25,0.016,0.5
ERR4034422,other,2003,0.25,0.032,0.25
ERR4034483,other,2003,0.25,0.016,0.25
ERR4034678,other,2003,0.125,0.008,0.25
ERR4034377,other,2003,0.125,0.008,0.125
ERR4034868,other,2003,0.25,0.008,0.125
ERR4034958,other,2003,0.125,0.008,0.25
ERR4034735,other,2003,0.125,0.008,0.25
ERR4035180,other,2003,0.125,0.008,0.25
ERR4035213,other,2003,0.25,0.032,1.0
ERR4035245,other,2003,0.125,0.008,0.25
ERR4035270,other,2003,0.125,0.008,0.25
ERR4035312,other,2003,0.125,0.016,0.25
ERR4035094,other,2003,0.25,0.016,0.25
ERR4035370,other,2003,0.125,0.016,0.25
ERR4035414,other,2003,0.25,0.016,0.125
ERR4035442,other,2003,0.064,0.008,0.5
ERR4035946,other,2003,0.064,0.008,1.0
ERR4035857,other,2003,0.125,0.016,0.5
ERR4036458,other,2003,0.25,0.016,0.25
ERR4036482,other,2003,0.125,0.008,0.25
ERR4036518,other,2003,0.125,0.016,0.25
ERR4036543,other,2003,0.25,0.016,0.125
ERR4036555,other,2003,0.125,0.016,0.25
ERR4036579,other,2003,0.125,0.008,0.5
ERR4036751,other,2003,0.25,0.008,0.25
ERR4036755,other,2003,2.0,0.25,0.25
ERR4036666,other,2003,1.0,0.008,0.5
ERR4036849,other,2003,0.125,32.0,0.125
ERR4036850,other,2003,0.125,0.008,0.25
ERR4036879,other,2003,0.125,0.008,0.25
ERR4036915,other,2003,0.25,0.016,0.25
ERR4036951,other,2003,0.125,0.016,0.25
ERR4036982,other,2003,0.125,0.004,0.125
ERR4037014,other,2003,0.125,0.004,0.25
ERR4037046,other,2003,0.125,0.25,0.25
ERR4037333,other,2003,0.125,0.016,0.5
ERR4037365,other,2003,0.125,0.016,0.5
ERR4037396,other,2003,0.125,0.016,0.5
ERR4037075,other,2003,0.125,0.016,0.25
ERR4034125,other,2002,0.25,0.016,0.5
ERR4034167,other,2002,0.25,0.016,0.5
ERR4034045,other,2002,0.25,0.032,0.5
ERR4034261,other,2002,0.125,0.008,0.25
ERR4034418,other,2002,0.064,0.008,0.5
ERR4034511,other,2002,32.0,32.0,256.0
ERR4034386,other,2002,0.25,0.016,1.0
ERR4034832,other,2002,0.125,0.016,0.016
ERR4034897,other,2002,0.125,0.008,0.25
ERR4034706,other,2002,0.125,0.008,0.125
ERR4034926,other,2002,0.125,0.008,0.25
ERR4034929,other,2002,0.125,0.016,4.0
ERR4034962,other,2002,0.125,0.016,0.5
ERR4034994,other,2002,0.064,0.25,0.5
ERR4035025,other,2002,1.0,0.008,0.125
ERR4034738,other,2002,0.25,0.008,0.25
ERR4035206,other,2002,0.25,0.016,0.25
ERR4035308,other,2002,0.5,32.0,16.0
ERR4035340,other,2002,0.25,0.016,0.5
ERR4035144,other,2002,0.125,0.008,0.5
ERR4035820,other,2002,0.25,0.016,0.25
ERR4035853,other,2002,0.25,0.008,0.5
ERR4036100,other,2002,0.125,0.008,0.125
ERR4036132,other,2002,0.125,0.008,0.125
ERR4035906,other,2002,0.125,0.008,0.125
ERR4036784,other,2002,0.125,0.016,0.5
ERR4036815,other,2002,0.5,0.25,0.25
ERR4036880,other,2002,2.0,0.25,0.5
ERR4036954,other,2002,1.0,0.016,0.5
ERR4037167,other,2002,0.125,8.0,0.5
ERR4037234,other,2002,0.25,0.016,0.25
ERR4037264,other,2002,0.125,0.016,0.25
