Run accession,Year,Label,XGBoost,Random Forest
ERR4034117,2017,0,0.0,0.0
ERR4034120,2017,0,0.0,0.0
ERR4034123,2017,0,0.0,0.0
ERR4034293,2017,0,0.0,0.0
ERR4034296,2017,0,0.0,0.0
ERR4034297,2017,0,0.0,0.0
ERR4034498,2017,0,0.0,0.0
ERR4034320,2017,0,0.0,0.0
ERR4034526,2017,0,0.0,0.0
ERR4034555,2017,0,0.0,0.0
ERR4034583,2017,0,0.0,0.0
ERR4034611,2017,1,0.0,1.0
ERR4034640,2017,0,0.0,0.0
ERR4034353,2017,0,0.0,0.0
ERR4034692,2017,0,0.0,0.0
ERR4034790,2017,0,0.0,0.0
ERR4034822,2017,0,0.0,0.0
ERR4034854,2017,0,0.0,0.0
ERR4034911,2017,0,0.0,0.0
ERR4034939,2017,0,0.0,0.0
ERR4034961,2017,0,0.0,0.0
ERR4034965,2017,0,0.0,0.0
ERR4034976,2017,0,0.0,0.0
ERR4034980,2017,1,1.0,1.0
ERR4034983,2017,0,0.0,0.0
ERR4034993,2017,0,0.0,0.0
ERR4034997,2017,0,0.0,0.0
ERR4035008,2017,0,0.0,0.0
ERR4035012,2017,0,0.0,0.0
ERR4035015,2017,0,0.0,0.0
ERR4035021,2017,0,0.0,0.0
ERR4035040,2017,0,0.0,0.0
ERR4035043,2017,0,0.0,0.0
ERR4035044,2017,0,0.0,0.0
ERR4034724,2017,0,0.0,0.0
ERR4034757,2017,0,0.0,0.0
ERR4035167,2017,0,0.0,0.0
ERR4035170,2017,0,0.0,0.0
ERR4035171,2017,0,0.0,0.0
ERR4035174,2017,0,0.0,0.0
ERR4035175,2017,0,0.0,0.0
ERR4035178,2017,0,0.0,0.0
ERR4035179,2017,0,0.0,0.0
ERR4035181,2017,0,0.0,0.0
ERR4035188,2017,0,0.0,0.0
ERR4035192,2017,1,0.0,0.0
ERR4035079,2017,0,0.0,0.0
ERR4035196,2017,0,0.0,0.0
ERR4035200,2017,0,0.0,0.0
ERR4035203,2017,0,0.0,0.0
ERR4035204,2017,0,0.0,0.0
ERR4035207,2017,0,0.0,0.0
ERR4035208,2017,0,0.0,0.0
ERR4035209,2017,0,0.0,0.0
ERR4035210,2017,1,0.0,1.0
ERR4035212,2017,1,1.0,1.0
ERR4035221,2017,0,0.0,0.0
ERR4035225,2017,0,0.0,0.0
ERR4035229,2017,0,0.0,0.0
ERR4035233,2017,0,1.0,0.0
ERR4035083,2017,0,0.0,0.0
ERR4035236,2017,0,0.0,0.0
ERR4035237,2017,0,0.0,0.0
ERR4035239,2017,0,0.0,0.0
ERR4035240,2017,0,0.0,0.0
ERR4035241,2017,0,0.0,0.0
ERR4035242,2017,0,0.0,0.0
ERR4035244,2017,1,1.0,1.0
ERR4035253,2017,0,0.0,0.0
ERR4035257,2017,0,0.0,0.0
ERR4035261,2017,0,0.0,0.0
ERR4035267,2017,0,0.0,0.0
ERR4035268,2017,0,0.0,0.0
ERR4035269,2017,0,0.0,0.0
ERR4035272,2017,0,0.0,0.0
ERR4035273,2017,0,1.0,0.0
ERR4035274,2017,1,1.0,0.0
ERR4035087,2017,0,0.0,0.0
ERR4035276,2017,0,0.0,0.0
ERR4035285,2017,0,0.0,0.0
ERR4035088,2017,0,0.0,0.0
ERR4035289,2017,0,0.0,0.0
ERR4035293,2017,0,0.0,0.0
ERR4035294,2017,0,0.0,0.0
ERR4035298,2017,0,0.0,0.0
ERR4035300,2017,0,0.0,0.0
ERR4035301,2017,0,0.0,0.0
ERR4035302,2017,0,0.0,0.0
ERR4035305,2017,0,0.0,0.0
ERR4035307,2017,0,0.0,0.0
ERR4035309,2017,0,0.0,0.0
ERR4035314,2017,0,0.0,0.0
ERR4035091,2017,0,0.0,0.0
ERR4035318,2017,0,0.0,0.0
ERR4035322,2017,0,0.0,0.0
ERR4035092,2017,0,0.0,0.0
ERR4035326,2017,0,0.0,0.0
ERR4035330,2017,0,0.0,0.0
ERR4035333,2017,0,0.0,0.0
ERR4035334,2017,0,0.0,0.0
ERR4035093,2017,0,0.0,0.0
ERR4035337,2017,0,0.0,0.0
ERR4035339,2017,0,0.0,0.0
ERR4035346,2017,0,0.0,0.0
ERR4035350,2017,0,0.0,0.0
ERR4035354,2017,0,1.0,1.0
ERR4035358,2017,0,0.0,0.0
ERR4035362,2017,0,0.0,0.0
ERR4035365,2017,1,1.0,1.0
ERR4035366,2017,0,0.0,0.0
ERR4035367,2017,0,0.0,0.0
ERR4035369,2017,0,0.0,0.0
ERR4035378,2017,0,0.0,0.0
ERR4035381,2017,0,0.0,0.0
ERR4035382,2017,0,0.0,0.0
ERR4035098,2017,0,0.0,0.0
ERR4035387,2017,0,0.0,0.0
ERR4035391,2017,0,0.0,0.0
ERR4035394,2017,0,0.0,0.0
ERR4035395,2017,0,0.0,0.0
ERR4035399,2017,0,0.0,0.0
ERR4035403,2017,0,1.0,0.0
ERR4035406,2017,0,0.0,0.0
ERR4035407,2017,0,0.0,0.0
ERR4035422,2017,0,0.0,0.0
ERR4035102,2017,0,0.0,0.0
ERR4035426,2017,0,0.0,0.0
ERR4035430,2017,0,0.0,0.0
ERR4035434,2017,0,0.0,0.0
ERR4035435,2017,0,0.0,0.0
ERR4035439,2017,0,0.0,0.0
ERR4035106,2017,0,0.0,0.0
ERR4035110,2017,0,0.0,0.0
ERR4035114,2017,0,0.0,0.0
ERR4035071,2017,1,1.0,1.0
ERR4035116,2017,0,0.0,0.0
ERR4035117,2017,0,0.0,0.0
ERR4035119,2017,0,0.0,0.0
ERR4035120,2017,0,0.0,0.0
ERR4035122,2017,0,0.0,0.0
ERR4035123,2017,1,1.0,1.0
ERR4035124,2017,0,0.0,0.0
ERR4035127,2017,0,0.0,0.0
ERR4035131,2017,0,0.0,0.0
ERR4035135,2017,0,0.0,0.0
ERR4035139,2017,1,1.0,1.0
ERR4035143,2017,0,0.0,0.0
ERR4035146,2017,0,0.0,0.0
ERR4035148,2017,0,0.0,0.0
ERR4035149,2017,0,0.0,0.0
ERR4035150,2017,0,0.0,0.0
ERR4035154,2017,0,0.0,0.0
ERR4035155,2017,1,0.0,0.0
ERR4035075,2017,0,0.0,0.0
ERR4035159,2017,0,0.0,0.0
ERR4035163,2017,0,0.0,0.0
ERR4035545,2017,0,0.0,0.0
ERR4035549,2017,0,0.0,0.0
ERR4035456,2017,0,0.0,0.0
ERR4035564,2017,0,0.0,0.0
ERR4035568,2017,0,0.0,0.0
ERR4035570,2017,0,0.0,0.0
ERR4035573,2017,0,0.0,0.0
ERR4035574,2017,0,0.0,0.0
ERR4035578,2017,0,0.0,0.0
ERR4035597,2017,0,0.0,0.0
ERR4035601,2017,0,0.0,0.0
ERR4035602,2017,0,0.0,0.0
ERR4035605,2017,0,0.0,0.0
ERR4035606,2017,0,0.0,0.0
ERR4035610,2017,0,0.0,0.0
ERR4035629,2017,0,0.0,0.0
ERR4035630,2017,0,0.0,0.0
ERR4035633,2017,0,0.0,0.0
ERR4035634,2017,0,0.0,0.0
ERR4035637,2017,0,0.0,0.0
ERR4035638,2017,0,0.0,0.0
ERR4035642,2017,0,0.0,0.0
ERR4035447,2017,0,0.0,0.0
ERR4035658,2017,0,0.0,0.0
ERR4035662,2017,0,0.0,0.0
ERR4035663,2017,0,0.0,0.0
ERR4035467,2017,0,0.0,0.0
ERR4035666,2017,0,0.0,0.0
ERR4035667,2017,0,0.0,0.0
ERR4035671,2017,0,0.0,0.0
ERR4035675,2017,0,0.0,0.0
ERR4035690,2017,0,0.0,0.0
ERR4035694,2017,0,0.0,0.0
ERR4035695,2017,0,0.0,0.0
ERR4035698,2017,0,0.0,0.0
ERR4035699,2017,1,1.0,1.0
ERR4035703,2017,0,0.0,0.0
ERR4035471,2017,1,0.0,0.0
ERR4035722,2017,0,0.0,0.0
ERR4035726,2017,0,0.0,0.0
ERR4035727,2017,0,0.0,0.0
ERR4035730,2017,0,0.0,0.0
ERR4035731,2017,0,0.0,0.0
ERR4035735,2017,1,1.0,1.0
ERR4035475,2017,0,0.0,0.0
ERR4035476,2017,0,0.0,0.0
ERR4035755,2017,0,0.0,0.0
ERR4035759,2017,0,0.0,0.0
ERR4035760,2017,0,0.0,0.0
ERR4035763,2017,0,0.0,0.0
ERR4035764,2017,0,0.0,0.0
ERR4035768,2017,0,0.0,0.0
ERR4035790,2017,0,0.0,0.0
ERR4035794,2017,0,0.0,0.0
ERR4035480,2017,0,0.0,0.0
ERR4035798,2017,0,0.0,0.0
ERR4035803,2017,0,1.0,0.0
ERR4035807,2017,0,0.0,0.0
ERR4035818,2017,0,0.0,0.0
ERR4035822,2017,0,0.0,0.0
ERR4035826,2017,0,0.0,0.0
ERR4035484,2017,0,0.0,0.0
ERR4035499,2017,0,0.0,0.0
ERR4035503,2017,0,0.0,0.0
ERR4035451,2017,0,0.0,0.0
ERR4035507,2017,0,0.0,0.0
ERR4035508,2017,0,0.0,0.0
ERR4035512,2017,0,0.0,0.0
ERR4035516,2017,0,0.0,0.0
ERR4035531,2017,0,0.0,0.0
ERR4035535,2017,0,0.0,0.0
ERR4035539,2017,0,0.0,0.0
ERR4035540,2017,1,1.0,1.0
ERR4036082,2017,0,0.0,0.0
ERR4036086,2017,0,0.0,0.0
ERR4036090,2017,0,0.0,0.0
ERR4036114,2017,0,0.0,0.0
ERR4036118,2017,0,0.0,0.0
ERR4036122,2017,0,0.0,0.0
ERR4036147,2017,0,0.0,0.0
ERR4036151,2017,0,0.0,0.0
ERR4036155,2017,0,0.0,0.0
ERR4036179,2017,0,0.0,0.0
ERR4036183,2017,0,0.0,0.0
ERR4036211,2017,0,0.0,0.0
ERR4036326,2017,0,0.0,0.0
ERR4036331,2017,0,0.0,0.0
ERR4036337,2017,0,0.0,0.0
ERR4036339,2017,0,0.0,0.0
ERR4036341,2017,1,0.0,1.0
ERR4036345,2017,0,0.0,0.0
ERR4036354,2017,0,0.0,0.0
ERR4036363,2017,0,0.0,0.0
ERR4036369,2017,0,0.0,0.0
ERR4036373,2017,0,0.0,0.0
ERR4036377,2017,0,0.0,0.0
ERR4036399,2017,0,0.0,0.0
ERR4036401,2017,0,0.0,0.0
ERR4036409,2017,0,0.0,0.0
ERR4036428,2017,1,1.0,1.0
ERR4036430,2017,0,0.0,0.0
ERR4036432,2017,0,0.0,0.0
ERR4036434,2017,0,0.0,0.0
ERR4036438,2017,0,0.0,0.0
ERR4036237,2017,0,1.0,0.0
ERR4036455,2017,0,0.0,0.0
ERR4036464,2017,0,0.0,0.0
ERR4036468,2017,0,0.0,0.0
ERR4036240,2017,0,0.0,0.0
ERR4036483,2017,0,0.0,0.0
ERR4036487,2017,0,0.0,0.0
ERR4036500,2017,0,0.0,0.0
ERR4036515,2017,0,0.0,0.0
ERR4036519,2017,0,0.0,0.0
ERR4036244,2017,0,0.0,0.0
ERR4036533,2017,0,1.0,0.0
ERR4036248,2017,0,0.0,0.0
ERR4036565,2017,0,0.0,0.0
ERR4036580,2017,0,0.0,0.0
ERR4036584,2017,0,0.0,0.0
ERR4036588,2017,0,0.0,0.0
ERR4036589,2017,0,0.0,0.0
ERR4036593,2017,0,0.0,0.0
ERR4036597,2017,0,0.0,0.0
ERR4036266,2017,0,0.0,0.0
ERR4036270,2017,0,0.0,0.0
ERR4036272,2017,0,0.0,0.0
ERR4036276,2017,0,0.0,0.0
ERR4036280,2017,0,0.0,0.0
ERR4036298,2017,0,0.0,0.0
ERR4036302,2017,0,0.0,0.0
ERR4036304,2017,0,0.0,0.0
ERR4036306,2017,0,0.0,0.0
ERR4036308,2017,0,0.0,0.0
ERR4036312,2017,0,0.0,0.0
ERR4036661,2017,0,0.0,0.0
ERR4036775,2017,0,0.0,0.0
ERR4036776,2017,0,0.0,0.0
ERR4036779,2017,0,0.0,0.0
ERR4036782,2017,0,0.0,0.0
ERR4036807,2017,0,0.0,0.0
ERR4036811,2017,0,0.0,0.0
ERR4036812,2017,0,0.0,0.0
ERR4036839,2017,0,0.0,0.0
ERR4036842,2017,0,0.0,0.0
ERR4036843,2017,0,0.0,0.0
ERR4036844,2017,0,0.0,0.0
ERR4036871,2017,0,0.0,0.0
ERR4036872,2017,0,0.0,0.0
ERR4036875,2017,0,0.0,0.0
ERR4036878,2017,0,0.0,0.0
ERR4036907,2017,0,0.0,0.0
ERR4036925,2017,0,0.0,0.0
ERR4036958,2017,0,0.0,0.0
ERR4036682,2017,0,0.0,0.0
ERR4036988,2017,0,0.0,0.0
ERR4036686,2017,0,0.0,0.0
ERR4037020,2017,0,0.0,0.0
ERR4036688,2017,0,0.0,0.0
ERR4036690,2017,0,0.0,0.0
ERR4036692,2017,0,0.0,0.0
ERR4036714,2017,0,0.0,0.0
ERR4036715,2017,0,0.0,0.0
ERR4036716,2017,0,0.0,0.0
ERR4036723,2017,0,0.0,0.0
ERR4036659,2017,0,0.0,0.0
ERR4036660,2017,0,0.0,0.0
ERR4036743,2017,0,0.0,0.0
ERR4036744,2017,0,0.0,0.0
ERR4036747,2017,0,0.0,0.0
ERR4036750,2017,0,0.0,0.0
ERR4037133,2017,0,0.0,0.0
ERR4037143,2017,0,0.0,0.0
ERR4037147,2017,0,0.0,0.0
ERR4037166,2017,0,0.0,0.0
ERR4037176,2017,0,0.0,0.0
ERR4037182,2017,0,0.0,0.0
ERR4037196,2017,0,0.0,0.0
ERR4037207,2017,0,0.0,0.0
ERR4037211,2017,0,0.0,0.0
ERR4037228,2017,0,1.0,1.0
ERR4037051,2017,0,0.0,0.0
ERR4037240,2017,0,0.0,0.0
ERR4037257,2017,0,0.0,0.0
ERR4037273,2017,0,0.0,0.0
ERR4037293,2017,0,0.0,0.0
ERR4037308,2017,0,0.0,0.0
ERR4037324,2017,0,0.0,0.0
ERR4037341,2017,0,0.0,0.0
ERR4037356,2017,0,0.0,0.0
ERR4037372,2017,0,0.0,0.0
ERR4037390,2017,0,0.0,0.0
ERR4037405,2017,0,0.0,0.0
ERR4037069,2017,0,0.0,0.0
ERR4037084,2017,0,0.0,0.0
ERR4037036,2017,0,0.0,0.0
ERR4037100,2017,0,0.0,0.0
ERR4037118,2017,0,0.0,0.0
ERR4037416,2017,0,0.0,0.0
ERR4034160,2016,0,0.0,0.0
ERR4034245,2016,0,0.0,0.0
ERR4034284,2016,0,0.0,0.0
ERR4034287,2016,0,0.0,0.0
ERR4034290,2016,0,0.0,0.0
ERR4034316,2016,0,0.0,0.0
ERR4034668,2016,0,0.0,0.0
ERR4034349,2016,0,0.0,0.0
ERR4034786,2016,0,0.0,0.0
ERR4034788,2016,0,0.0,0.0
ERR4034791,2016,0,0.0,0.0
ERR4034792,2016,0,0.0,0.0
ERR4034796,2016,0,0.0,0.0
ERR4034694,2016,0,0.0,0.0
ERR4034818,2016,0,0.0,0.0
ERR4034820,2016,0,0.0,0.0
ERR4034823,2016,0,0.0,0.0
ERR4034824,2016,0,0.0,0.0
ERR4034828,2016,0,0.0,0.0
ERR4034697,2016,0,0.0,0.0
ERR4034698,2016,0,0.0,0.0
ERR4034850,2016,0,0.0,0.0
ERR4034852,2016,1,0.0,0.0
ERR4034855,2016,0,0.0,0.0
ERR4034856,2016,0,0.0,0.0
ERR4034860,2016,0,0.0,0.0
ERR4034879,2016,0,0.0,0.0
ERR4034702,2016,0,0.0,0.0
ERR4034885,2016,0,0.0,0.0
ERR4034888,2016,0,0.0,0.0
ERR4034889,2016,0,0.0,0.0
ERR4034893,2016,0,0.0,0.0
ERR4034917,2016,0,0.0,0.0
ERR4034920,2016,0,1.0,0.0
ERR4034921,2016,0,0.0,0.0
ERR4034925,2016,0,0.0,0.0
ERR4034949,2016,0,0.0,0.0
ERR4034952,2016,0,0.0,0.0
ERR4034953,2016,0,0.0,0.0
ERR4034956,2016,0,0.0,0.0
ERR4034957,2016,0,0.0,0.0
ERR4034968,2016,0,0.0,0.0
ERR4034972,2016,0,0.0,0.0
ERR4034979,2016,0,0.0,0.0
ERR4034982,2016,0,0.0,0.0
ERR4034986,2016,0,0.0,0.0
ERR4034989,2016,0,0.0,0.0
ERR4034990,2016,0,0.0,0.0
ERR4035000,2016,0,0.0,0.0
ERR4035004,2016,1,1.0,1.0
ERR4035011,2016,0,0.0,0.0
ERR4035017,2016,1,1.0,0.0
ERR4035032,2016,0,0.0,0.0
ERR4035036,2016,0,1.0,1.0
ERR4035039,2016,0,0.0,0.0
ERR4035050,2016,0,0.0,0.0
ERR4034720,2016,0,0.0,0.0
ERR4035065,2016,0,0.0,0.0
ERR4034726,2016,0,0.0,0.0
ERR4034729,2016,0,0.0,0.0
ERR4034730,2016,0,0.0,0.0
ERR4034734,2016,0,0.0,0.0
ERR4034688,2016,0,0.0,0.0
ERR4034752,2016,0,0.0,0.0
ERR4034755,2016,0,0.0,0.0
ERR4034759,2016,1,1.0,1.0
ERR4034762,2016,0,0.0,0.0
ERR4034763,2016,0,0.0,0.0
ERR4035166,2016,0,0.0,0.0
ERR4035173,2016,0,0.0,0.0
ERR4035177,2016,0,0.0,0.0
ERR4035195,2016,0,0.0,0.0
ERR4035199,2016,0,0.0,0.0
ERR4035202,2016,0,0.0,0.0
ERR4035081,2016,0,0.0,0.0
ERR4035228,2016,0,0.0,0.0
ERR4035232,2016,0,0.0,0.0
ERR4035235,2016,0,0.0,0.0
ERR4035085,2016,0,0.0,0.0
ERR4035260,2016,0,0.0,0.0
ERR4035263,2016,0,0.0,0.0
ERR4035264,2016,0,0.0,0.0
ERR4035292,2016,0,0.0,0.0
ERR4035089,2016,0,0.0,0.0
ERR4035296,2016,0,0.0,0.0
ERR4035297,2016,0,0.0,0.0
ERR4035317,2016,0,0.0,0.0
ERR4035321,2016,0,0.0,0.0
ERR4035325,2016,0,0.0,0.0
ERR4035329,2016,1,1.0,1.0
ERR4035349,2016,0,0.0,0.0
ERR4035353,2016,0,0.0,0.0
ERR4035357,2016,0,0.0,0.0
ERR4035361,2016,0,0.0,0.0
ERR4035385,2016,0,0.0,0.0
ERR4035386,2016,0,0.0,0.0
ERR4035390,2016,0,0.0,0.0
ERR4035109,2016,1,1.0,1.0
ERR4035112,2016,0,0.0,0.0
ERR4035113,2016,0,0.0,0.0
ERR4035138,2016,0,0.0,0.0
ERR4035141,2016,0,0.0,0.0
ERR4035142,2016,0,0.0,0.0
ERR4035145,2016,0,0.0,0.0
ERR4035162,2016,0,0.0,0.0
ERR4035560,2016,0,0.0,0.0
ERR4035561,2016,0,0.0,0.0
ERR4035565,2016,0,0.0,0.0
ERR4035569,2016,1,1.0,1.0
ERR4035572,2016,0,0.0,0.0
ERR4035458,2016,0,0.0,0.0
ERR4035576,2016,0,0.0,0.0
ERR4035590,2016,0,0.0,0.0
ERR4035593,2016,0,0.0,0.0
ERR4035594,2016,0,0.0,0.0
ERR4035598,2016,0,0.0,0.0
ERR4035600,2016,1,0.0,1.0
ERR4035604,2016,0,0.0,0.0
ERR4035618,2016,1,1.0,1.0
ERR4035622,2016,0,0.0,0.0
ERR4035463,2016,0,0.0,0.0
ERR4035625,2016,0,0.0,0.0
ERR4035626,2016,0,0.0,0.0
ERR4035628,2016,0,0.0,0.0
ERR4035464,2016,0,0.0,0.0
ERR4035650,2016,0,0.0,0.0
ERR4035654,2016,0,0.0,0.0
ERR4035656,2016,0,0.0,0.0
ERR4035657,2016,0,0.0,0.0
ERR4035659,2016,0,0.0,0.0
ERR4035661,2016,0,0.0,0.0
ERR4035468,2016,0,0.0,0.0
ERR4035683,2016,0,0.0,0.0
ERR4035686,2016,0,0.0,0.0
ERR4035687,2016,0,1.0,1.0
ERR4035689,2016,0,0.0,0.0
ERR4035691,2016,0,0.0,0.0
ERR4035693,2016,0,0.0,0.0
ERR4035707,2016,1,0.0,1.0
ERR4035713,2016,0,0.0,0.0
ERR4035472,2016,0,0.0,0.0
ERR4035715,2016,0,0.0,0.0
ERR4035717,2016,0,0.0,0.0
ERR4035718,2016,0,0.0,0.0
ERR4035719,2016,0,0.0,0.0
ERR4035723,2016,0,0.0,0.0
ERR4035739,2016,0,0.0,0.0
ERR4035745,2016,0,0.0,0.0
ERR4035747,2016,0,0.0,0.0
ERR4035749,2016,0,0.0,0.0
ERR4035751,2016,0,0.0,0.0
ERR4035772,2016,0,0.0,0.0
ERR4035774,2016,0,0.0,0.0
ERR4035776,2016,0,0.0,0.0
ERR4035778,2016,0,0.0,0.0
ERR4035780,2016,0,0.0,0.0
ERR4035782,2016,0,0.0,0.0
ERR4035784,2016,1,1.0,1.0
ERR4035786,2016,0,0.0,0.0
ERR4035788,2016,0,0.0,0.0
ERR4035791,2016,0,0.0,0.0
ERR4035795,2016,0,0.0,0.0
ERR4035799,2016,0,0.0,0.0
ERR4035808,2016,0,0.0,0.0
ERR4035812,2016,0,0.0,0.0
ERR4035814,2016,0,0.0,0.0
ERR4035816,2016,1,1.0,1.0
ERR4035823,2016,0,0.0,0.0
ERR4035827,2016,0,0.0,0.0
ERR4035486,2016,0,0.0,0.0
ERR4035495,2016,0,0.0,0.0
ERR4035496,2016,0,0.0,0.0
ERR4035500,2016,0,0.0,0.0
ERR4035504,2016,0,0.0,0.0
ERR4035510,2016,0,0.0,0.0
ERR4035527,2016,0,0.0,0.0
ERR4035528,2016,0,0.0,0.0
ERR4035532,2016,0,0.0,0.0
ERR4035536,2016,0,0.0,0.0
ERR4035538,2016,0,0.0,0.0
ERR4035543,2016,0,0.0,0.0
ERR4036074,2016,0,0.0,0.0
ERR4036078,2016,0,0.0,0.0
ERR4036102,2016,0,0.0,0.0
ERR4036106,2016,0,0.0,0.0
ERR4036110,2016,1,1.0,1.0
ERR4036134,2016,0,0.0,0.0
ERR4036138,2016,0,0.0,0.0
ERR4036142,2016,0,0.0,0.0
ERR4036167,2016,0,0.0,0.0
ERR4036171,2016,0,0.0,0.0
ERR4036175,2016,0,0.0,0.0
ERR4036199,2016,0,0.0,0.0
ERR4036203,2016,0,0.0,0.0
ERR4036207,2016,0,0.0,0.0
ERR4036317,2016,0,0.0,0.0
ERR4036319,2016,0,0.0,0.0
ERR4036327,2016,0,0.0,0.0
ERR4036329,2016,0,0.0,0.0
ERR4036333,2016,1,1.0,1.0
ERR4036352,2016,0,0.0,0.0
ERR4036359,2016,0,0.0,0.0
ERR4036361,2016,0,0.0,0.0
ERR4036365,2016,0,0.0,0.0
ERR4036384,2016,0,0.0,0.0
ERR4036387,2016,0,0.0,0.0
ERR4036391,2016,0,0.0,0.0
ERR4036231,2016,0,0.0,0.0
ERR4036393,2016,0,0.0,0.0
ERR4036397,2016,0,0.0,0.0
ERR4036415,2016,0,0.0,0.0
ERR4036417,2016,0,0.0,0.0
ERR4036420,2016,1,0.0,0.0
ERR4036422,2016,0,0.0,0.0
ERR4036424,2016,0,0.0,0.0
ERR4036426,2016,0,0.0,0.0
ERR4036236,2016,0,0.0,0.0
ERR4036446,2016,0,0.0,0.0
ERR4036448,2016,0,0.0,0.0
ERR4036450,2016,0,0.0,0.0
ERR4036452,2016,0,0.0,0.0
ERR4036454,2016,0,0.0,0.0
ERR4036456,2016,0,0.0,0.0
ERR4036460,2016,0,0.0,0.0
ERR4036466,2016,0,0.0,0.0
ERR4036470,2016,0,0.0,0.0
ERR4036478,2016,0,0.0,0.0
ERR4036479,2016,0,0.0,0.0
ERR4036484,2016,0,1.0,1.0
ERR4036488,2016,0,0.0,0.0
ERR4036490,2016,0,0.0,0.0
ERR4036492,2016,0,0.0,0.0
ERR4036507,2016,0,0.0,0.0
ERR4036514,2016,0,0.0,0.0
ERR4036516,2016,0,0.0,0.0
ERR4036526,2016,0,0.0,0.0
ERR4036539,2016,0,0.0,0.0
ERR4036540,2016,0,0.0,0.0
ERR4036542,2016,0,0.0,0.0
ERR4036551,2016,0,0.0,0.0
ERR4036553,2016,0,0.0,0.0
ERR4036563,2016,0,0.0,0.0
ERR4036572,2016,0,0.0,0.0
ERR4036574,2016,1,0.0,0.0
ERR4036575,2016,0,0.0,0.0
ERR4036576,2016,0,0.0,0.0
ERR4036585,2016,1,1.0,1.0
ERR4036587,2016,0,0.0,0.0
ERR4036255,2016,0,0.0,0.0
ERR4036258,2016,0,0.0,0.0
ERR4036262,2016,0,0.0,0.0
ERR4036264,2016,0,0.0,0.0
ERR4036268,2016,0,0.0,0.0
ERR4036285,2016,0,1.0,0.0
ERR4036287,2016,0,0.0,0.0
ERR4036290,2016,0,0.0,0.0
ERR4036294,2016,0,0.0,0.0
ERR4036296,2016,0,0.0,0.0
ERR4036300,2016,0,0.0,0.0
ERR4036222,2016,0,0.0,0.0
ERR4036629,2016,0,0.0,0.0
ERR4036637,2016,0,0.0,0.0
ERR4036644,2016,0,0.0,0.0
ERR4036771,2016,0,0.0,0.0
ERR4036806,2016,0,0.0,0.0
ERR4036836,2016,0,0.0,0.0
ERR4036653,2016,0,0.0,0.0
ERR4036866,2016,0,0.0,0.0
ERR4036921,2016,0,0.0,0.0
ERR4036949,2016,0,0.0,0.0
ERR4036953,2016,0,0.0,0.0
ERR4036981,2016,1,1.0,1.0
ERR4036984,2016,0,0.0,0.0
ERR4037013,2016,0,0.0,0.0
ERR4037017,2016,0,0.0,0.0
ERR4036658,2016,0,0.0,0.0
ERR4037139,2016,0,0.0,0.0
ERR4037172,2016,0,0.0,0.0
ERR4037047,2016,0,0.0,0.0
ERR4037206,2016,0,0.0,0.0
ERR4037236,2016,0,0.0,0.0
ERR4037270,2016,0,1.0,0.0
ERR4037304,2016,0,0.0,0.0
ERR4037337,2016,0,0.0,0.0
ERR4037401,2016,0,0.0,0.0
ERR4037076,2016,0,0.0,0.0
ERR4037080,2016,0,0.0,0.0
ERR4037110,2016,0,0.0,0.0
ERR4037114,2016,0,0.0,0.0
ERR4037415,2016,0,0.0,0.0
ERR4037420,2016,0,0.0,0.0
ERR4037421,2016,0,0.0,0.0
ERR4037422,2016,0,0.0,0.0
ERR4037459,2016,0,0.0,0.0
ERR4037467,2016,0,0.0,0.0
ERR4037475,2016,1,1.0,1.0
ERR4037483,2016,0,0.0,0.0
ERR4037490,2016,0,0.0,0.0
ERR4037498,2016,0,0.0,0.0
ERR4037506,2016,0,0.0,0.0
ERR4034086,2015,0,0.0,0.0
ERR4034093,2015,0,0.0,0.0
ERR4034101,2015,0,0.0,0.0
ERR4034104,2015,0,0.0,0.0
ERR4034114,2015,0,0.0,0.0
ERR4034126,2015,0,0.0,0.0
ERR4034129,2015,0,0.0,0.0
ERR4034039,2015,0,0.0,0.0
ERR4034150,2015,0,0.0,0.0
ERR4034165,2015,0,0.0,0.0
ERR4034168,2015,0,0.0,0.0
ERR4034189,2015,0,0.0,0.0
ERR4034208,2015,0,0.0,0.0
ERR4034227,2015,1,1.0,0.0
ERR4034232,2015,0,0.0,0.0
ERR4034233,2015,0,0.0,0.0
ERR4034242,2015,1,1.0,1.0
ERR4034248,2015,0,0.0,0.0
ERR4034256,2015,0,0.0,0.0
ERR4034277,2015,0,0.0,0.0
ERR4034281,2015,0,0.0,0.0
ERR4034288,2015,0,0.0,0.0
ERR4034291,2015,0,0.0,0.0
ERR4034050,2015,0,0.0,0.0
ERR4034065,2015,0,0.0,0.0
ERR4034083,2015,0,0.0,0.0
ERR4034522,2015,0,0.0,0.0
ERR4034551,2015,0,0.0,0.0
ERR4034579,2015,0,0.0,0.0
ERR4034607,2015,0,0.0,0.0
ERR4034787,2015,0,0.0,0.0
ERR4034693,2015,0,0.0,0.0
ERR4034794,2015,0,0.0,0.0
ERR4034798,2015,0,0.0,0.0
ERR4034814,2015,0,0.0,0.0
ERR4034815,2015,0,0.0,0.0
ERR4034819,2015,0,0.0,0.0
ERR4034696,2015,0,0.0,0.0
ERR4034826,2015,1,1.0,1.0
ERR4034830,2015,0,0.0,0.0
ERR4034846,2015,0,0.0,0.0
ERR4034847,2015,0,0.0,0.0
ERR4034851,2015,0,0.0,0.0
ERR4034858,2015,0,0.0,0.0
ERR4034700,2015,0,0.0,0.0
ERR4034862,2015,0,0.0,0.0
ERR4034875,2015,0,0.0,0.0
ERR4034880,2015,0,0.0,0.0
ERR4034883,2015,0,0.0,0.0
ERR4034884,2015,0,0.0,0.0
ERR4034887,2015,0,0.0,0.0
ERR4034891,2015,0,0.0,0.0
ERR4034907,2015,0,0.0,0.0
ERR4034915,2015,0,0.0,0.0
ERR4034916,2015,0,0.0,0.0
ERR4034919,2015,0,1.0,0.0
ERR4034935,2015,0,0.0,0.0
ERR4034943,2015,0,0.0,0.0
ERR4034944,2015,0,0.0,0.0
ERR4034947,2015,0,0.0,0.0
ERR4034951,2015,0,0.0,0.0
ERR4034955,2015,0,0.0,0.0
ERR4034960,2015,0,0.0,0.0
ERR4034964,2015,0,0.0,0.0
ERR4034987,2015,0,0.0,0.0
ERR4034988,2015,0,0.0,0.0
ERR4034991,2015,0,0.0,0.0
ERR4034992,2015,0,0.0,0.0
ERR4034996,2015,0,0.0,0.0
ERR4035019,2015,0,0.0,0.0
ERR4035020,2015,0,0.0,0.0
ERR4035024,2015,0,0.0,0.0
ERR4035028,2015,0,0.0,0.0
ERR4035048,2015,0,0.0,0.0
ERR4035052,2015,0,0.0,0.0
ERR4035053,2015,0,0.0,0.0
ERR4035057,2015,0,0.0,0.0
ERR4035061,2015,0,0.0,0.0
ERR4034725,2015,1,1.0,1.0
ERR4034728,2015,0,0.0,0.0
ERR4034732,2015,0,0.0,0.0
ERR4034758,2015,0,0.0,0.0
ERR4034761,2015,0,0.0,0.0
ERR4034765,2015,0,0.0,0.0
ERR4034781,2015,0,0.0,0.0
ERR4035169,2015,0,0.0,0.0
ERR4035077,2015,0,0.0,0.0
ERR4035191,2015,0,0.0,0.0
ERR4035198,2015,0,0.0,0.0
ERR4035220,2015,0,0.0,0.0
ERR4035224,2015,0,0.0,0.0
ERR4035082,2015,0,0.0,0.0
ERR4035231,2015,0,0.0,0.0
ERR4035252,2015,0,0.0,0.0
ERR4035256,2015,0,0.0,0.0
ERR4035284,2015,0,0.0,0.0
ERR4035288,2015,0,0.0,0.0
ERR4035291,2015,0,0.0,0.0
ERR4035104,2015,0,0.0,0.0
ERR4035105,2015,0,0.0,0.0
ERR4035108,2015,0,0.0,0.0
ERR4035134,2015,0,0.0,0.0
ERR4035137,2015,0,0.0,0.0
ERR4035553,2015,0,0.0,0.0
ERR4035556,2015,0,0.0,0.0
ERR4035557,2015,0,0.0,0.0
ERR4035559,2015,0,0.0,0.0
ERR4035563,2015,1,1.0,1.0
ERR4035567,2015,0,0.0,0.0
ERR4035582,2015,0,0.0,0.0
ERR4035459,2015,1,1.0,1.0
ERR4035586,2015,0,0.0,0.0
ERR4035588,2015,0,0.0,0.0
ERR4035589,2015,0,0.0,0.0
ERR4035592,2015,0,0.0,0.0
ERR4035460,2015,1,1.0,1.0
ERR4035596,2015,0,0.0,0.0
ERR4035614,2015,0,0.0,0.0
ERR4035616,2015,0,0.0,0.0
ERR4035620,2015,0,0.0,0.0
ERR4035621,2015,0,0.0,0.0
ERR4035624,2015,0,0.0,0.0
ERR4035644,2015,0,0.0,0.0
ERR4035646,2015,0,0.0,0.0
ERR4035648,2015,0,0.0,0.0
ERR4035652,2015,0,0.0,0.0
ERR4035653,2015,0,0.0,0.0
ERR4035677,2015,0,0.0,0.0
ERR4035678,2015,0,0.0,0.0
ERR4035681,2015,0,0.0,0.0
ERR4035682,2015,0,0.0,0.0
ERR4035685,2015,0,0.0,0.0
ERR4035705,2015,0,0.0,0.0
ERR4035709,2015,0,0.0,0.0
ERR4035710,2015,0,0.0,0.0
ERR4035711,2015,0,0.0,0.0
ERR4035714,2015,0,0.0,0.0
ERR4035729,2015,0,0.0,0.0
ERR4035733,2015,0,0.0,0.0
ERR4035474,2015,0,0.0,0.0
ERR4035737,2015,0,0.0,0.0
ERR4035741,2015,0,0.0,0.0
ERR4035742,2015,0,0.0,0.0
ERR4035746,2015,0,0.0,0.0
ERR4035758,2015,0,0.0,0.0
ERR4035762,2015,0,0.0,0.0
ERR4035766,2015,0,0.0,0.0
ERR4035770,2015,0,0.0,0.0
ERR4035478,2015,0,0.0,0.0
ERR4035779,2015,0,0.0,0.0
ERR4035783,2015,0,0.0,0.0
ERR4035787,2015,0,0.0,0.0
ERR4035810,2015,0,0.0,0.0
ERR4035482,2015,0,0.0,0.0
ERR4035815,2015,0,0.0,0.0
ERR4035819,2015,0,0.0,0.0
ERR4035829,2015,0,0.0,0.0
ERR4035449,2015,0,0.0,0.0
ERR4035488,2015,0,0.0,0.0
ERR4035491,2015,0,0.0,0.0
ERR4035492,2015,0,0.0,0.0
ERR4035498,2015,0,0.0,0.0
ERR4035502,2015,0,0.0,0.0
ERR4035506,2015,0,0.0,0.0
ERR4035520,2015,0,0.0,0.0
ERR4035523,2015,0,0.0,0.0
ERR4035524,2015,0,0.0,0.0
ERR4035453,2015,0,0.0,0.0
ERR4035526,2015,0,0.0,0.0
ERR4035530,2015,0,0.0,0.0
ERR4035534,2015,0,0.0,0.0
ERR4035454,2015,0,0.0,0.0
ERR4035935,2015,0,0.0,0.0
ERR4035940,2015,0,0.0,0.0
ERR4035842,2015,0,0.0,0.0
ERR4035968,2015,0,0.0,0.0
ERR4035972,2015,0,0.0,0.0
ERR4036000,2015,0,0.0,0.0
ERR4036004,2015,1,1.0,1.0
ERR4036033,2015,0,0.0,0.0
ERR4036037,2015,0,0.0,0.0
ERR4036054,2015,0,0.0,0.0
ERR4036062,2015,0,0.0,0.0
ERR4036070,2015,0,0.0,0.0
ERR4036127,2015,0,0.0,0.0
ERR4036131,2015,0,0.0,0.0
ERR4036160,2015,0,0.0,0.0
ERR4036164,2015,0,0.0,0.0
ERR4036196,2015,1,1.0,1.0
ERR4035871,2015,0,0.0,0.0
ERR4035875,2015,0,0.0,0.0
ERR4035903,2015,0,0.0,0.0
ERR4035907,2015,0,0.0,0.0
ERR4035838,2015,0,0.0,0.0
ERR4036214,2015,0,0.0,0.0
ERR4036315,2015,0,0.0,0.0
ERR4036344,2015,1,1.0,1.0
ERR4036348,2015,0,0.0,0.0
ERR4036376,2015,1,0.0,0.0
ERR4036380,2015,0,0.0,0.0
ERR4036408,2015,0,0.0,0.0
ERR4036410,2015,0,0.0,0.0
ERR4036412,2015,1,0.0,1.0
ERR4036416,2015,0,0.0,0.0
ERR4036435,2015,0,0.0,0.0
ERR4036439,2015,0,0.0,0.0
ERR4036441,2015,0,0.0,0.0
ERR4036442,2015,0,0.0,0.0
ERR4036444,2015,0,0.0,0.0
ERR4036449,2015,0,0.0,0.0
ERR4036462,2015,1,1.0,1.0
ERR4036473,2015,0,0.0,0.0
ERR4036477,2015,0,0.0,0.0
ERR4036481,2015,0,0.0,0.0
ERR4036505,2015,0,0.0,0.0
ERR4036509,2015,0,0.0,0.0
ERR4036513,2015,0,0.0,0.0
ERR4036534,2015,0,0.0,0.0
ERR4036538,2015,0,0.0,0.0
ERR4036247,2015,0,0.0,0.0
ERR4036566,2015,0,0.0,0.0
ERR4036570,2015,0,0.0,0.0
ERR4036251,2015,0,0.0,0.0
ERR4036218,2015,0,0.0,0.0
ERR4036279,2015,0,0.0,0.0
ERR4036283,2015,0,0.0,0.0
ERR4036311,2015,0,0.0,0.0
ERR4036651,2015,0,0.0,1.0
ERR4036760,2015,0,0.0,0.0
ERR4036763,2015,0,0.0,0.0
ERR4036768,2015,0,0.0,0.0
ERR4036791,2015,0,0.0,0.0
ERR4036795,2015,0,0.0,0.0
ERR4036799,2015,0,0.0,0.0
ERR4036823,2015,0,0.0,0.0
ERR4036828,2015,0,0.0,0.0
ERR4036831,2015,0,0.0,0.0
ERR4036670,2015,0,0.0,0.0
ERR4036855,2015,0,0.0,0.0
ERR4036859,2015,0,0.0,0.0
ERR4036673,2015,0,0.0,0.0
ERR4036888,2015,0,0.0,0.0
ERR4036917,2015,0,0.0,0.0
ERR4036678,2015,0,0.0,0.0
ERR4036944,2015,0,0.0,0.0
ERR4036950,2015,0,0.0,0.0
ERR4036976,2015,0,0.0,0.0
ERR4036980,2015,0,0.0,0.0
ERR4037010,2015,0,0.0,0.0
ERR4037012,2015,0,0.0,0.0
ERR4036698,2015,0,0.0,0.0
ERR4036702,2015,0,0.0,0.0
ERR4036705,2015,0,0.0,0.0
ERR4036731,2015,0,0.0,0.0
ERR4036735,2015,0,0.0,0.0
ERR4036739,2015,1,1.0,1.0
ERR4037135,2015,0,0.0,0.0
ERR4037043,2015,0,0.0,0.0
ERR4037162,2015,0,0.0,0.0
ERR4037168,2015,0,0.0,0.0
ERR4037192,2015,0,0.0,0.0
ERR4037201,2015,0,0.0,0.0
ERR4037224,2015,0,0.0,0.0
ERR4037032,2015,0,0.0,0.0
ERR4037232,2015,0,0.0,0.0
ERR4037265,2015,0,0.0,0.0
ERR4037300,2015,0,0.0,0.0
ERR4037334,2015,0,0.0,0.0
ERR4037363,2015,0,0.0,0.0
ERR4037065,2015,0,0.0,0.0
ERR4037397,2015,0,0.0,0.0
ERR4037072,2015,0,0.0,0.0
ERR4037098,2015,1,0.0,0.0
ERR4037106,2015,0,0.0,0.0
ERR4037129,2015,0,0.0,0.0
ERR4037450,2015,1,1.0,1.0
ERR4037451,2015,0,0.0,0.0
ERR4037457,2015,0,0.0,0.0
ERR4037458,2015,1,1.0,1.0
ERR4037465,2015,0,0.0,0.0
ERR4037466,2015,0,0.0,0.0
ERR4037472,2015,0,0.0,0.0
ERR4037473,2015,0,0.0,0.0
ERR4037474,2015,0,0.0,0.0
ERR4037480,2015,0,0.0,0.0
ERR4037482,2015,0,0.0,0.0
ERR4037488,2015,0,0.0,0.0
ERR4037489,2015,0,0.0,0.0
ERR4037495,2015,0,0.0,0.0
ERR4037496,2015,1,1.0,1.0
ERR4037497,2015,0,0.0,0.0
ERR4037503,2015,0,0.0,0.0
ERR4037504,2015,0,0.0,0.0
ERR4037505,2015,0,0.0,0.0
ERR4037511,2015,0,0.0,0.0
ERR4037512,2015,0,0.0,0.0
ERR4037513,2015,0,0.0,0.0
ERR4037519,2015,0,0.0,0.0
ERR4037520,2015,1,0.0,0.0
ERR4037441,2015,0,0.0,0.0
ERR4037442,2015,0,0.0,0.0
ERR4037443,2015,0,0.0,0.0
ERR4037449,2015,0,0.0,0.0
ERR4034090,2014,0,0.0,0.0
ERR4034098,2014,0,0.0,0.0
ERR4034119,2014,1,1.0,1.0
ERR4034122,2014,0,0.0,0.0
ERR4034144,2014,0,0.0,0.0
ERR4034147,2014,0,0.0,0.0
ERR4034159,2014,0,0.0,0.0
ERR4034162,2014,0,0.0,0.0
ERR4034183,2014,0,0.0,0.0
ERR4034186,2014,0,0.0,0.0
ERR4034202,2014,1,1.0,1.0
ERR4034205,2014,0,0.0,0.0
ERR4034226,2014,1,1.0,1.0
ERR4034229,2014,0,1.0,1.0
ERR4034230,2014,0,0.0,0.0
ERR4034236,2014,0,0.0,0.0
ERR4034239,2014,0,0.0,0.0
ERR4034046,2014,0,0.0,0.0
ERR4034250,2014,0,0.0,0.0
ERR4034253,2014,0,0.0,0.0
ERR4034271,2014,0,0.0,0.0
ERR4034048,2014,0,0.0,0.0
ERR4034060,2014,0,0.0,0.0
ERR4034062,2014,0,0.0,0.0
ERR4034063,2014,0,0.0,0.0
ERR4034077,2014,0,0.0,0.0
ERR4034080,2014,0,0.0,0.0
ERR4034414,2014,0,0.0,0.0
ERR4034312,2014,0,0.0,0.0
ERR4034446,2014,0,0.0,0.0
ERR4034313,2014,0,0.0,0.0
ERR4034471,2014,0,0.0,0.0
ERR4034475,2014,0,0.0,0.0
ERR4034317,2014,0,0.0,0.0
ERR4034503,2014,0,0.0,0.0
ERR4034507,2014,0,0.0,0.0
ERR4034531,2014,0,0.0,0.0
ERR4034539,2014,0,0.0,0.0
ERR4034568,2014,0,0.0,0.0
ERR4034572,2014,0,0.0,0.0
ERR4034600,2014,0,0.0,0.0
ERR4034604,2014,0,0.0,0.0
ERR4034632,2014,0,0.0,0.0
ERR4034635,2014,0,0.0,0.0
ERR4034636,2014,0,0.0,0.0
ERR4034664,2014,0,0.0,0.0
ERR4034665,2014,0,0.0,0.0
ERR4034669,2014,0,0.0,0.0
ERR4034344,2014,0,0.0,0.0
ERR4034345,2014,0,0.0,0.0
ERR4034350,2014,0,0.0,0.0
ERR4034382,2014,0,0.0,0.0
ERR4034782,2014,0,0.0,0.0
ERR4034810,2014,0,0.0,0.0
ERR4034811,2014,0,0.0,0.0
ERR4034842,2014,0,0.0,0.0
ERR4034843,2014,0,0.0,0.0
ERR4034871,2014,0,0.0,0.0
ERR4034876,2014,0,0.0,0.0
ERR4034684,2014,0,0.0,0.0
ERR4034903,2014,0,0.0,0.0
ERR4034908,2014,0,0.0,0.0
ERR4034931,2014,0,0.0,0.0
ERR4034940,2014,0,0.0,0.0
ERR4034975,2014,0,0.0,0.0
ERR4034685,2014,0,0.0,0.0
ERR4035007,2014,0,0.0,0.0
ERR4034716,2014,0,0.0,0.0
ERR4034717,2014,0,0.0,0.0
ERR4035035,2014,0,0.0,0.0
ERR4034721,2014,0,0.0,0.0
ERR4034748,2014,0,0.0,0.0
ERR4034749,2014,0,0.0,0.0
ERR4034689,2014,0,0.0,0.0
ERR4034753,2014,0,0.0,0.0
ERR4035078,2014,0,0.0,0.0
ERR4035187,2014,0,0.0,0.0
ERR4035194,2014,0,1.0,0.0
ERR4035227,2014,0,0.0,0.0
ERR4035259,2014,0,0.0,0.0
ERR4035287,2014,0,0.0,0.0
ERR4035100,2014,0,0.0,0.0
ERR4035133,2014,0,0.0,0.0
ERR4035074,2014,0,0.0,0.0
ERR4035158,2014,0,0.0,0.0
ERR4035165,2014,0,0.0,0.0
ERR4035446,2014,0,0.0,0.0
ERR4035455,2014,0,0.0,0.0
ERR4035547,2014,0,0.0,0.0
ERR4035548,2014,0,0.0,0.0
ERR4035551,2014,0,0.0,0.0
ERR4035552,2014,0,0.0,0.0
ERR4035555,2014,0,0.0,0.0
ERR4035577,2014,0,0.0,0.0
ERR4035580,2014,0,0.0,0.0
ERR4035581,2014,0,0.0,0.0
ERR4035584,2014,0,0.0,0.0
ERR4035585,2014,0,0.0,0.0
ERR4035608,2014,0,0.0,0.0
ERR4035609,2014,0,0.0,0.0
ERR4035612,2014,0,0.0,0.0
ERR4035613,2014,0,0.0,0.0
ERR4035462,2014,1,1.0,1.0
ERR4035617,2014,0,0.0,0.0
ERR4035632,2014,0,0.0,0.0
ERR4035636,2014,0,0.0,0.0
ERR4035640,2014,0,0.0,0.0
ERR4035641,2014,0,0.0,0.0
ERR4035645,2014,0,0.0,0.0
ERR4035649,2014,0,0.0,0.0
ERR4035466,2014,0,0.0,0.0
ERR4035665,2014,0,0.0,0.0
ERR4035669,2014,0,0.0,0.0
ERR4035670,2014,0,0.0,0.0
ERR4035673,2014,0,0.0,0.0
ERR4035674,2014,0,0.0,0.0
ERR4035470,2014,0,0.0,0.0
ERR4035697,2014,0,0.0,0.0
ERR4035701,2014,1,1.0,1.0
ERR4035702,2014,0,0.0,0.0
ERR4035706,2014,0,0.0,0.0
ERR4035721,2014,1,1.0,1.0
ERR4035725,2014,0,0.0,0.0
ERR4035734,2014,0,0.0,0.0
ERR4035750,2014,0,0.0,0.0
ERR4035754,2014,0,0.0,0.0
ERR4035771,2014,0,0.0,0.0
ERR4035781,2014,0,0.0,0.0
ERR4035479,2014,0,0.0,0.0
ERR4035802,2014,0,0.0,0.0
ERR4035806,2014,0,0.0,0.0
ERR4035813,2014,0,0.0,0.0
ERR4035817,2014,0,0.0,0.0
ERR4035821,2014,0,0.0,0.0
ERR4035483,2014,0,0.0,0.0
ERR4035825,2014,0,0.0,0.0
ERR4035487,2014,0,0.0,0.0
ERR4035490,2014,0,0.0,0.0
ERR4035494,2014,0,0.0,0.0
ERR4035450,2014,0,0.0,0.0
ERR4035511,2014,0,0.0,0.0
ERR4035514,2014,0,0.0,0.0
ERR4035515,2014,0,0.0,0.0
ERR4035518,2014,0,0.0,0.0
ERR4035519,2014,0,0.0,0.0
ERR4035522,2014,0,1.0,1.0
ERR4035544,2014,0,0.0,0.0
ERR4035830,2014,0,0.0,0.0
ERR4035931,2014,0,0.0,0.0
ERR4035960,2014,0,0.0,0.0
ERR4035964,2014,0,0.0,0.0
ERR4035992,2014,0,0.0,1.0
ERR4035996,2014,0,0.0,0.0
ERR4036024,2014,0,0.0,0.0
ERR4036028,2014,0,0.0,0.0
ERR4036046,2014,0,0.0,0.0
ERR4036050,2014,0,0.0,0.0
ERR4036057,2014,0,0.0,0.0
ERR4036058,2014,0,0.0,0.0
ERR4036123,2014,0,0.0,0.0
ERR4036156,2014,0,0.0,0.0
ERR4035863,2014,0,0.0,0.0
ERR4036184,2014,0,0.0,0.0
ERR4036188,2014,0,0.0,0.0
ERR4035867,2014,0,0.0,0.0
ERR4035834,2014,0,0.0,0.0
ERR4035895,2014,0,0.0,0.0
ERR4035899,2014,0,0.0,0.0
ERR4035927,2014,0,0.0,0.0
ERR4036351,2014,0,0.0,0.0
ERR4036383,2014,0,0.0,0.0
ERR4036423,2014,0,0.0,0.0
ERR4036427,2014,0,0.0,0.0
ERR4036431,2014,0,0.0,0.0
ERR4036628,2014,0,0.0,0.0
ERR4036636,2014,0,0.0,0.0
ERR4036643,2014,0,0.0,0.0
ERR4036914,2014,0,0.0,0.0
ERR4036941,2014,0,0.0,0.0
ERR4036945,2014,0,0.0,0.0
ERR4036968,2014,0,0.0,0.0
ERR4036973,2014,0,0.0,0.0
ERR4036977,2014,0,0.0,0.0
ERR4037002,2014,0,0.0,0.0
ERR4037005,2014,0,0.0,0.0
ERR4037009,2014,0,0.0,0.0
ERR4037042,2014,1,0.0,0.0
ERR4037154,2014,0,0.0,0.0
ERR4037155,2014,0,0.0,0.0
ERR4037185,2014,0,0.0,0.0
ERR4037189,2014,0,0.0,0.0
ERR4037198,2014,0,0.0,0.0
ERR4037217,2014,0,0.0,0.0
ERR4037220,2014,0,0.0,0.0
ERR4037221,2014,0,0.0,0.0
ERR4037227,2014,1,1.0,1.0
ERR4037244,2014,0,0.0,0.0
ERR4037247,2014,0,0.0,0.0
ERR4037251,2014,1,1.0,1.0
ERR4037253,2014,0,0.0,0.0
ERR4037261,2014,0,0.0,0.0
ERR4037281,2014,0,0.0,0.0
ERR4037285,2014,0,0.0,0.0
ERR4037288,2014,0,0.0,0.0
ERR4037289,2014,1,1.0,1.0
ERR4037297,2014,0,0.0,0.0
ERR4037058,2014,0,0.0,0.0
ERR4037311,2014,1,1.0,1.0
ERR4037315,2014,1,1.0,1.0
ERR4037319,2014,0,0.0,0.0
ERR4037320,2014,0,0.0,0.0
ERR4037329,2014,0,0.0,0.0
ERR4037345,2014,0,0.0,0.0
ERR4037349,2014,0,0.0,0.0
ERR4037062,2014,0,0.0,0.0
ERR4037352,2014,0,0.0,0.0
ERR4037353,2014,0,0.0,0.0
ERR4037360,2014,0,0.0,0.0
ERR4037375,2014,0,0.0,0.0
ERR4037379,2014,0,0.0,0.0
ERR4037383,2014,0,0.0,0.0
ERR4037385,2014,0,0.0,0.0
ERR4037392,2014,0,0.0,0.0
ERR4037408,2014,0,0.0,0.0
ERR4037412,2014,0,0.0,0.0
ERR4037087,2014,0,0.0,0.0
ERR4037091,2014,0,0.0,0.0
ERR4037121,2014,0,0.0,0.0
ERR4037125,2014,0,0.0,0.0
ERR4037453,2014,0,0.0,0.0
ERR4037454,2014,0,0.0,0.0
ERR4037455,2014,0,0.0,0.0
ERR4037456,2014,0,0.0,0.0
ERR4037461,2014,0,0.0,0.0
ERR4037462,2014,0,0.0,0.0
ERR4037463,2014,0,0.0,0.0
ERR4037464,2014,0,0.0,0.0
ERR4037469,2014,0,0.0,0.0
ERR4037470,2014,0,0.0,0.0
ERR4037471,2014,0,0.0,0.0
ERR4037477,2014,0,0.0,0.0
ERR4037478,2014,0,0.0,0.0
ERR4037479,2014,0,0.0,0.0
ERR4037485,2014,0,0.0,0.0
ERR4037486,2014,0,0.0,0.0
ERR4037487,2014,0,0.0,0.0
ERR4037492,2014,0,0.0,0.0
ERR4037493,2014,0,0.0,0.0
ERR4037494,2014,0,0.0,0.0
ERR4037500,2014,0,0.0,0.0
ERR4037501,2014,0,0.0,0.0
ERR4037502,2014,0,0.0,0.0
ERR4037508,2014,0,0.0,0.0
ERR4037509,2014,0,0.0,0.0
ERR4037510,2014,0,0.0,0.0
ERR4037516,2014,0,0.0,0.0
ERR4037517,2014,0,0.0,0.0
ERR4037518,2014,0,0.0,0.0
ERR4037438,2014,0,0.0,0.0
ERR4037439,2014,1,1.0,1.0
ERR4037440,2014,0,0.0,0.0
ERR4037445,2014,0,0.0,0.0
ERR4037446,2014,0,0.0,0.0
ERR4037447,2014,0,0.0,0.0
ERR4037448,2014,0,0.0,0.0
ERR4034087,2013,0,0.0,0.0
ERR4034095,2013,0,0.0,0.0
ERR4034099,2013,1,1.0,1.0
ERR4034105,2013,0,0.0,0.0
ERR4034113,2013,0,0.0,0.0
ERR4034116,2013,0,0.0,0.0
ERR4034138,2013,0,0.0,0.0
ERR4034141,2013,0,0.0,0.0
ERR4034156,2013,0,0.0,0.0
ERR4034177,2013,0,0.0,0.0
ERR4034180,2013,0,0.0,0.0
ERR4034042,2013,0,0.0,0.0
ERR4034199,2013,0,0.0,0.0
ERR4034044,2013,0,0.0,0.0
ERR4034220,2013,0,0.0,0.0
ERR4034223,2013,0,0.0,0.0
ERR4034244,2013,0,0.0,0.0
ERR4034247,2013,0,0.0,0.0
ERR4034265,2013,0,0.0,0.0
ERR4034268,2013,0,0.0,0.0
ERR4034058,2013,0,0.0,0.0
ERR4034074,2013,0,0.0,0.0
ERR4034406,2013,0,0.0,0.0
ERR4034309,2013,0,0.0,0.0
ERR4034410,2013,0,0.0,0.0
ERR4034438,2013,0,0.0,0.0
ERR4034467,2013,0,0.0,0.0
ERR4034499,2013,1,1.0,1.0
ERR4034518,2013,0,0.0,0.0
ERR4034535,2013,0,0.0,0.0
ERR4034550,2013,0,0.0,0.0
ERR4034564,2013,0,0.0,0.0
ERR4034571,2013,1,1.0,1.0
ERR4034575,2013,0,0.0,0.0
ERR4034596,2013,0,0.0,0.0
ERR4034599,2013,0,0.0,0.0
ERR4034603,2013,0,0.0,0.0
ERR4034627,2013,0,1.0,1.0
ERR4034628,2013,0,0.0,0.0
ERR4034656,2013,0,0.0,0.0
ERR4034661,2013,0,0.0,0.0
ERR4034336,2013,0,0.0,0.0
ERR4034341,2013,0,0.0,0.0
ERR4034304,2013,0,0.0,0.0
ERR4034369,2013,0,0.0,0.0
ERR4034373,2013,0,0.0,0.0
ERR4034378,2013,0,0.0,0.0
ERR4034807,2013,0,0.0,0.0
ERR4034839,2013,0,0.0,0.0
ERR4034867,2013,0,0.0,0.0
ERR4034870,2013,0,0.0,0.0
ERR4034872,2013,0,0.0,0.0
ERR4034899,2013,0,0.0,0.0
ERR4034900,2013,1,1.0,1.0
ERR4034904,2013,0,0.0,0.0
ERR4034927,2013,0,0.0,0.0
ERR4034932,2013,0,0.0,0.0
ERR4034936,2013,0,0.0,0.0
ERR4034971,2013,0,0.0,0.0
ERR4034712,2013,0,0.0,0.0
ERR4034713,2013,0,0.0,0.0
ERR4035003,2013,0,0.0,0.0
ERR4035031,2013,0,0.0,0.0
ERR4035064,2013,0,0.0,0.0
ERR4034744,2013,0,0.0,0.0
ERR4034745,2013,0,0.0,0.0
ERR4034778,2013,0,0.0,0.0
ERR4035190,2013,0,0.0,0.0
ERR4035223,2013,0,0.0,0.0
ERR4035255,2013,0,0.0,0.0
ERR4035283,2013,0,0.0,0.0
ERR4035101,2013,0,0.0,0.0
ERR4035130,2013,0,0.0,0.0
ERR4035073,2013,0,0.0,0.0
ERR4035161,2013,0,0.0,0.0
ERR4035550,2013,0,0.0,0.0
ERR4035554,2013,0,0.0,0.0
ERR4035457,2013,0,0.0,0.0
ERR4035583,2013,0,0.0,0.0
ERR4035587,2013,0,0.0,0.0
ERR4035461,2013,0,0.0,0.0
ERR4035615,2013,0,0.0,0.0
ERR4035619,2013,0,0.0,0.0
ERR4035647,2013,0,0.0,0.0
ERR4035651,2013,0,0.0,0.0
ERR4035680,2013,0,0.0,0.0
ERR4035684,2013,0,0.0,0.0
ERR4035712,2013,0,0.0,0.0
ERR4035716,2013,0,0.0,0.0
ERR4035740,2013,0,0.0,0.0
ERR4035744,2013,0,0.0,0.0
ERR4035748,2013,0,0.0,0.0
ERR4035773,2013,0,0.0,0.0
ERR4035777,2013,0,0.0,0.0
ERR4035805,2013,0,0.0,0.0
ERR4035809,2013,0,0.0,0.0
ERR4035489,2013,0,0.0,0.0
ERR4035493,2013,0,0.0,0.0
ERR4035525,2013,0,0.0,0.0
ERR4035839,2013,0,0.0,0.0
ERR4035930,2013,0,0.0,0.0
ERR4035932,2013,0,0.0,0.0
ERR4035934,2013,0,0.0,0.0
ERR4035936,2013,0,0.0,0.0
ERR4035941,2013,0,0.0,0.0
ERR4035841,2013,0,0.0,0.0
ERR4035952,2013,0,0.0,0.0
ERR4035956,2013,0,0.0,0.0
ERR4035963,2013,0,0.0,0.0
ERR4035965,2013,0,0.0,0.0
ERR4035843,2013,1,1.0,1.0
ERR4035969,2013,0,0.0,0.0
ERR4035973,2013,0,0.0,0.0
ERR4035984,2013,0,0.0,0.0
ERR4035988,2013,0,0.0,0.0
ERR4035991,2013,0,0.0,0.0
ERR4035995,2013,0,0.0,0.0
ERR4035997,2013,0,0.0,0.0
ERR4036001,2013,0,0.0,0.0
ERR4036005,2013,0,0.0,0.0
ERR4036016,2013,0,0.0,0.0
ERR4036020,2013,0,0.0,0.0
ERR4036023,2013,0,0.0,0.0
ERR4036027,2013,0,0.0,0.0
ERR4036038,2013,0,0.0,0.0
ERR4036049,2013,0,0.0,0.0
ERR4036053,2013,0,0.0,0.0
ERR4036056,2013,0,0.0,0.0
ERR4036061,2013,0,0.0,0.0
ERR4036071,2013,0,0.0,0.0
ERR4036087,2013,0,0.0,0.0
ERR4035855,2013,0,0.0,0.0
ERR4036092,2013,0,0.0,0.0
ERR4036096,2013,0,0.0,0.0
ERR4036103,2013,0,0.0,0.0
ERR4036115,2013,0,0.0,0.0
ERR4036119,2013,0,0.0,0.0
ERR4036124,2013,0,0.0,0.0
ERR4036128,2013,0,0.0,0.0
ERR4035859,2013,0,0.0,0.0
ERR4036148,2013,0,0.0,0.0
ERR4036152,2013,0,0.0,0.0
ERR4036157,2013,0,0.0,0.0
ERR4036161,2013,1,1.0,1.0
ERR4036180,2013,0,0.0,0.0
ERR4036189,2013,0,1.0,0.0
ERR4036193,2013,1,0.0,0.0
ERR4035866,2013,0,0.0,0.0
ERR4036212,2013,0,0.0,0.0
ERR4035870,2013,0,0.0,0.0
ERR4035872,2013,0,0.0,0.0
ERR4035876,2013,0,0.0,0.0
ERR4035891,2013,0,0.0,0.0
ERR4035898,2013,0,0.0,0.0
ERR4035902,2013,0,0.0,0.0
ERR4035904,2013,0,0.0,0.0
ERR4035908,2013,1,1.0,1.0
ERR4035837,2013,0,0.0,0.0
ERR4035919,2013,0,0.0,0.0
ERR4035923,2013,0,0.0,0.0
ERR4035926,2013,0,0.0,0.0
ERR4036318,2013,0,0.0,0.0
ERR4036330,2013,0,0.0,0.0
ERR4036336,2013,0,0.0,0.0
ERR4036340,2013,0,0.0,0.0
ERR4036368,2013,0,0.0,0.0
ERR4036372,2013,0,0.0,0.0
ERR4036400,2013,0,0.0,0.0
ERR4036404,2013,0,0.0,0.0
ERR4036419,2013,0,0.0,0.0
ERR4036433,2013,0,0.0,0.0
ERR4036437,2013,0,0.0,0.0
ERR4036469,2013,0,0.0,0.0
ERR4036239,2013,0,0.0,0.0
ERR4036501,2013,0,0.0,0.0
ERR4036243,2013,0,0.0,0.0
ERR4036530,2013,0,0.0,0.0
ERR4036562,2013,0,0.0,0.0
ERR4036568,2013,0,0.0,0.0
ERR4036594,2013,0,0.0,0.0
ERR4036254,2013,0,0.0,0.0
ERR4036271,2013,0,0.0,0.0
ERR4036275,2013,0,0.0,0.0
ERR4036286,2013,0,1.0,0.0
ERR4036303,2013,0,0.0,0.0
ERR4036307,2013,0,0.0,0.0
ERR4036642,2013,0,0.0,0.0
ERR4036650,2013,0,0.0,0.0
ERR4036773,2013,0,0.0,0.0
ERR4036778,2013,0,0.0,0.0
ERR4036781,2013,0,0.0,0.0
ERR4036804,2013,0,0.0,0.0
ERR4036809,2013,0,0.0,0.0
ERR4036814,2013,1,1.0,1.0
ERR4036838,2013,0,0.0,0.0
ERR4036841,2013,0,0.0,0.0
ERR4036846,2013,0,0.0,0.0
ERR4036911,2013,0,0.0,0.0
ERR4036918,2013,0,0.0,0.0
ERR4036922,2013,0,0.0,0.0
ERR4036931,2013,0,0.0,0.0
ERR4036936,2013,0,1.0,1.0
ERR4036946,2013,0,0.0,0.0
ERR4036947,2013,0,0.0,0.0
ERR4036965,2013,0,0.0,0.0
ERR4036683,2013,0,0.0,0.0
ERR4036971,2013,1,1.0,1.0
ERR4036974,2013,0,0.0,0.0
ERR4036978,2013,0,0.0,0.0
ERR4036997,2013,0,0.0,0.0
ERR4037004,2013,0,0.0,0.0
ERR4037006,2013,0,0.0,0.0
ERR4037007,2013,0,0.0,0.0
ERR4037029,2013,0,0.0,0.0
ERR4036689,2013,0,0.0,0.0
ERR4036657,2013,1,1.0,1.0
ERR4036718,2013,1,1.0,1.0
ERR4036745,2013,0,0.0,0.0
ERR4036748,2013,0,0.0,0.0
ERR4037131,2013,0,0.0,0.0
ERR4037158,2013,0,0.0,0.0
ERR4037164,2013,0,0.0,0.0
ERR4037188,2013,0,0.0,0.0
ERR4037292,2013,0,0.0,0.0
ERR4037302,2013,0,0.0,0.0
ERR4037306,2013,0,0.0,0.0
ERR4037326,2013,0,0.0,0.0
ERR4037331,2013,0,0.0,0.0
ERR4037338,2013,1,1.0,0.0
ERR4037061,2013,0,0.0,0.0
ERR4037355,2013,0,0.0,0.0
ERR4037366,2013,0,0.0,0.0
ERR4037370,2013,0,0.0,0.0
ERR4037389,2013,0,0.0,0.0
ERR4037394,2013,1,1.0,0.0
ERR4037395,2013,1,1.0,1.0
ERR4037067,2013,0,0.0,0.0
ERR4037094,2013,0,0.0,0.0
ERR4037102,2013,0,0.0,0.0
ERR4037038,2013,0,0.0,0.0
ERR4037124,2013,0,1.0,0.0
ERR4037425,2013,0,1.0,0.0
ERR4037468,2013,0,1.0,1.0
ERR4037476,2013,0,0.0,0.0
ERR4037484,2013,0,0.0,0.0
ERR4037491,2013,0,0.0,0.0
ERR4037499,2013,0,0.0,0.0
ERR4037507,2013,0,0.0,0.0
ERR4037433,2013,0,1.0,0.0
ERR4037515,2013,0,0.0,0.0
ERR4037434,2013,0,0.0,0.0
ERR4037435,2013,0,0.0,0.0
ERR4037426,2013,0,0.0,0.0
ERR4037437,2013,0,0.0,0.0
ERR4037427,2013,1,1.0,1.0
ERR4034092,2012,0,0.0,0.0
ERR4034096,2012,0,0.0,0.0
ERR4034037,2012,0,0.0,0.0
ERR4034038,2012,0,0.0,0.0
ERR4034135,2012,0,0.0,0.0
ERR4034040,2012,0,0.0,0.0
ERR4034153,2012,0,0.0,0.0
ERR4034154,2012,0,0.0,0.0
ERR4034157,2012,0,0.0,0.0
ERR4034171,2012,0,0.0,0.0
ERR4034174,2012,0,0.0,0.0
ERR4034193,2012,0,0.0,0.0
ERR4034196,2012,0,0.0,0.0
ERR4034214,2012,0,0.0,0.0
ERR4034217,2012,0,0.0,0.0
ERR4034224,2012,0,0.0,0.0
ERR4034238,2012,0,0.0,0.0
ERR4034241,2012,0,0.0,0.0
ERR4034259,2012,0,0.0,0.0
ERR4034262,2012,0,0.0,0.0
ERR4034054,2012,0,0.0,0.0
ERR4034056,2012,1,1.0,1.0
ERR4034069,2012,0,0.0,0.0
ERR4034071,2012,0,0.0,0.0
ERR4034308,2012,0,0.0,0.0
ERR4034300,2012,0,0.0,0.0
ERR4034510,2012,0,0.0,0.0
ERR4034514,2012,0,0.0,0.0
ERR4034538,2012,0,0.0,0.0
ERR4034542,2012,0,0.0,0.0
ERR4034563,2012,0,0.0,0.0
ERR4034567,2012,0,0.0,0.0
ERR4034591,2012,0,0.0,0.0
ERR4034595,2012,0,0.0,0.0
ERR4034328,2012,0,0.0,0.0
ERR4034619,2012,0,0.0,0.0
ERR4034623,2012,0,0.0,0.0
ERR4034631,2012,0,0.0,0.0
ERR4034332,2012,0,0.0,0.0
ERR4034648,2012,0,0.0,0.0
ERR4034652,2012,0,0.0,0.0
ERR4034660,2012,0,0.0,0.0
ERR4034681,2012,0,0.0,0.0
ERR4034340,2012,0,0.0,0.0
ERR4034361,2012,0,0.0,0.0
ERR4034365,2012,0,0.0,0.0
ERR4034799,2012,0,0.0,0.0
ERR4034803,2012,0,0.0,0.0
ERR4034806,2012,0,0.0,0.0
ERR4034831,2012,0,0.0,0.0
ERR4034835,2012,0,0.0,0.0
ERR4034838,2012,0,0.0,0.0
ERR4034863,2012,0,0.0,0.0
ERR4034896,2012,0,0.0,0.0
ERR4034928,2012,0,0.0,0.0
ERR4034708,2012,0,0.0,0.0
ERR4034709,2012,0,0.0,0.0
ERR4034999,2012,0,0.0,0.0
ERR4035027,2012,0,0.0,0.0
ERR4035045,2012,0,0.0,0.0
ERR4035060,2012,0,0.0,0.0
ERR4034737,2012,0,0.0,0.0
ERR4034740,2012,0,0.0,0.0
ERR4034741,2012,0,0.0,0.0
ERR4034770,2012,0,0.0,0.0
ERR4034773,2012,0,0.0,0.0
ERR4034774,2012,0,0.0,0.0
ERR4035186,2012,0,0.0,0.0
ERR4035219,2012,0,0.0,0.0
ERR4035251,2012,0,0.0,0.0
ERR4035279,2012,0,0.0,0.0
ERR4035096,2012,0,0.0,0.0
ERR4035377,2012,0,0.0,0.0
ERR4035402,2012,0,0.0,0.0
ERR4035070,2012,0,0.0,0.0
ERR4035129,2012,0,0.0,0.0
ERR4035546,2012,0,0.0,0.0
ERR4035571,2012,0,0.0,0.0
ERR4035575,2012,0,0.0,0.0
ERR4035579,2012,0,0.0,0.0
ERR4035603,2012,0,0.0,0.0
ERR4035607,2012,0,0.0,0.0
ERR4035611,2012,0,0.0,0.0
ERR4035635,2012,0,0.0,0.0
ERR4035639,2012,0,0.0,0.0
ERR4035643,2012,0,0.0,0.0
ERR4035668,2012,0,0.0,0.0
ERR4035672,2012,0,0.0,0.0
ERR4035676,2012,0,0.0,0.0
ERR4035700,2012,0,0.0,0.0
ERR4035704,2012,0,0.0,0.0
ERR4035708,2012,0,0.0,0.0
ERR4035732,2012,0,0.0,0.0
ERR4035736,2012,0,0.0,0.0
ERR4035448,2012,0,0.0,0.0
ERR4035761,2012,0,0.0,0.0
ERR4035477,2012,0,0.0,0.0
ERR4035765,2012,0,0.0,0.0
ERR4035769,2012,0,0.0,0.0
ERR4035793,2012,0,0.0,0.0
ERR4035797,2012,0,0.0,0.0
ERR4035481,2012,0,0.0,0.0
ERR4035485,2012,0,0.0,0.0
ERR4035509,2012,0,0.0,0.0
ERR4035513,2012,0,0.0,0.0
ERR4035452,2012,0,0.0,0.0
ERR4035517,2012,0,0.0,0.0
ERR4035541,2012,0,0.0,0.0
ERR4035542,2012,0,0.0,0.0
ERR4035944,2012,0,0.0,0.0
ERR4035948,2012,0,0.0,0.0
ERR4035951,2012,0,0.0,0.0
ERR4035955,2012,1,1.0,1.0
ERR4035957,2012,0,0.0,0.0
ERR4035961,2012,0,0.0,0.0
ERR4035976,2012,0,0.0,0.0
ERR4035980,2012,0,0.0,0.0
ERR4035983,2012,0,0.0,0.0
ERR4035987,2012,0,0.0,0.0
ERR4035989,2012,0,0.0,0.0
ERR4035993,2012,0,0.0,0.0
ERR4035846,2012,0,0.0,0.0
ERR4036008,2012,0,0.0,0.0
ERR4036012,2012,0,0.0,0.0
ERR4036015,2012,0,0.0,0.0
ERR4036019,2012,0,0.0,0.0
ERR4036021,2012,0,0.0,0.0
ERR4036025,2012,0,0.0,0.0
ERR4035831,2012,0,0.0,0.0
ERR4036034,2012,0,0.0,0.0
ERR4036041,2012,0,0.0,0.0
ERR4036045,2012,0,0.0,0.0
ERR4035851,2012,0,0.0,0.0
ERR4036052,2012,0,0.0,0.0
ERR4036075,2012,0,0.0,0.0
ERR4035854,2012,0,0.0,0.0
ERR4036084,2012,1,1.0,1.0
ERR4036088,2012,0,0.0,0.0
ERR4036107,2012,0,0.0,0.0
ERR4036111,2012,0,0.0,0.0
ERR4036116,2012,0,0.0,0.0
ERR4035858,2012,0,0.0,0.0
ERR4036120,2012,0,0.0,0.0
ERR4036135,2012,0,0.0,0.0
ERR4035860,2012,0,0.0,0.0
ERR4036139,2012,0,0.0,0.0
ERR4036143,2012,0,0.0,0.0
ERR4036144,2012,0,0.0,0.0
ERR4036149,2012,0,0.0,0.0
ERR4036153,2012,0,0.0,0.0
ERR4035862,2012,0,0.0,0.0
ERR4036172,2012,0,0.0,0.0
ERR4036176,2012,0,0.0,0.0
ERR4036177,2012,0,0.0,0.0
ERR4035864,2012,0,0.0,0.0
ERR4036181,2012,0,0.0,0.0
ERR4036185,2012,0,0.0,0.0
ERR4036200,2012,0,0.0,0.0
ERR4036204,2012,1,1.0,1.0
ERR4036208,2012,0,0.0,0.0
ERR4036209,2012,0,0.0,0.0
ERR4036213,2012,0,0.0,0.0
ERR4035868,2012,0,0.0,0.0
ERR4035833,2012,0,0.0,0.0
ERR4035879,2012,0,0.0,0.0
ERR4035883,2012,0,0.0,0.0
ERR4035886,2012,0,0.0,0.0
ERR4035835,2012,0,0.0,0.0
ERR4035890,2012,0,0.0,0.0
ERR4035892,2012,0,0.0,0.0
ERR4035894,2012,0,0.0,0.0
ERR4035896,2012,0,0.0,0.0
ERR4035900,2012,1,1.0,0.0
ERR4035911,2012,0,0.0,0.0
ERR4035915,2012,0,0.0,0.0
ERR4035918,2012,0,0.0,0.0
ERR4035922,2012,0,0.0,0.0
ERR4035924,2012,0,0.0,1.0
ERR4035928,2012,0,0.0,0.0
ERR4036328,2012,0,0.0,0.0
ERR4036332,2012,0,0.0,0.0
ERR4036360,2012,0,0.0,0.0
ERR4036364,2012,0,0.0,0.0
ERR4036230,2012,0,0.0,0.0
ERR4036392,2012,0,0.0,0.0
ERR4036396,2012,0,0.0,0.0
ERR4036425,2012,0,0.0,0.0
ERR4036429,2012,0,0.0,0.0
ERR4036235,2012,0,0.0,0.0
ERR4036461,2012,0,0.0,0.0
ERR4036465,2012,0,0.0,0.0
ERR4036493,2012,0,0.0,0.0
ERR4036497,2012,0,0.0,0.0
ERR4036503,2012,0,0.0,0.0
ERR4036525,2012,0,0.0,0.0
ERR4036529,2012,0,0.0,0.0
ERR4036554,2012,0,0.0,0.0
ERR4036558,2012,0,0.0,0.0
ERR4036577,2012,0,0.0,0.0
ERR4036586,2012,0,0.0,0.0
ERR4036590,2012,0,0.0,0.0
ERR4036263,2012,0,0.0,0.0
ERR4036267,2012,0,0.0,0.0
ERR4036295,2012,0,0.0,0.0
ERR4036299,2012,0,0.0,0.0
ERR4036627,2012,0,0.0,0.0
ERR4036632,2012,0,0.0,0.0
ERR4036633,2012,0,0.0,0.0
ERR4036635,2012,0,0.0,0.0
ERR4036640,2012,0,0.0,0.0
ERR4036641,2012,0,0.0,0.0
ERR4036647,2012,0,0.0,0.0
ERR4036648,2012,0,0.0,0.0
ERR4036652,2012,0,0.0,0.0
ERR4036769,2012,0,0.0,0.0
ERR4036774,2012,0,0.0,0.0
ERR4036801,2012,0,0.0,0.0
ERR4036805,2012,0,0.0,0.0
ERR4036833,2012,0,0.0,0.0
ERR4036835,2012,1,1.0,1.0
ERR4036864,2012,0,0.0,0.0
ERR4036870,2012,0,0.0,0.0
ERR4036902,2012,0,1.0,1.0
ERR4036903,2012,1,1.0,1.0
ERR4036909,2012,0,0.0,0.0
ERR4036910,2012,0,0.0,0.0
ERR4036928,2012,0,0.0,0.0
ERR4036679,2012,0,0.0,0.0
ERR4036938,2012,0,0.0,0.0
ERR4036939,2012,0,0.0,0.0
ERR4036942,2012,0,0.0,0.0
ERR4036960,2012,0,0.0,0.0
ERR4036963,2012,0,0.0,0.0
ERR4036970,2012,0,0.0,0.0
ERR4036684,2012,0,0.0,0.0
ERR4036992,2012,0,0.0,0.0
ERR4036998,2012,0,0.0,0.0
ERR4036999,2012,0,0.0,0.0
ERR4037026,2012,0,0.0,0.0
ERR4037030,2012,0,0.0,0.0
ERR4036706,2012,0,0.0,0.0
ERR4036709,2012,0,0.0,0.0
ERR4036710,2012,0,0.0,0.0
ERR4036736,2012,0,0.0,0.0
ERR4036740,2012,0,0.0,0.0
ERR4036742,2012,0,0.0,0.0
ERR4037153,2012,0,0.0,0.0
ERR4037160,2012,0,0.0,0.0
ERR4037184,2012,0,0.0,0.0
ERR4037194,2012,0,0.0,0.0
ERR4037216,2012,0,0.0,0.0
ERR4037223,2012,0,0.0,0.0
ERR4037249,2012,0,0.0,0.0
ERR4037256,2012,0,0.0,0.0
ERR4037284,2012,0,0.0,0.0
ERR4037287,2012,0,0.0,0.0
ERR4037294,2012,0,0.0,0.0
ERR4037295,2012,0,0.0,0.0
ERR4037317,2012,0,0.0,0.0
ERR4037321,2012,0,0.0,0.0
ERR4037323,2012,0,0.0,0.0
ERR4037330,2012,0,0.0,0.0
ERR4037348,2012,0,0.0,0.0
ERR4037351,2012,0,0.0,0.0
ERR4037358,2012,1,1.0,1.0
ERR4037359,2012,0,0.0,0.0
ERR4037063,2012,0,0.0,0.0
ERR4037381,2012,0,0.0,0.0
ERR4037384,2012,0,0.0,0.0
ERR4037386,2012,1,1.0,0.0
ERR4037387,2012,0,0.0,0.0
ERR4037411,2012,0,0.0,0.0
ERR4037414,2012,0,0.0,0.0
ERR4037096,2012,0,0.0,0.0
ERR4037127,2012,0,0.0,0.0
ERR4037431,2012,0,0.0,0.0
ERR4037432,2012,0,0.0,0.0
ERR4034089,2011,0,0.0,0.0
ERR4034036,2011,0,0.0,0.0
ERR4034100,2011,0,0.0,0.0
ERR4034107,2011,0,0.0,0.0
ERR4034124,2011,0,0.0,0.0
ERR4034132,2011,0,0.0,0.0
ERR4034143,2011,0,0.0,0.0
ERR4034151,2011,0,0.0,0.0
ERR4034164,2011,0,0.0,0.0
ERR4034188,2011,0,0.0,0.0
ERR4034213,2011,0,0.0,0.0
ERR4034234,2011,0,1.0,0.0
ERR4034032,2011,0,0.0,0.0
ERR4034258,2011,0,0.0,0.0
ERR4034279,2011,0,0.0,0.0
ERR4034280,2011,0,0.0,0.0
ERR4034052,2011,0,0.0,0.0
ERR4034059,2011,0,0.0,0.0
ERR4034034,2011,0,0.0,0.0
ERR4034067,2011,0,0.0,0.0
ERR4034076,2011,0,0.0,0.0
ERR4034502,2011,0,0.0,0.0
ERR4034506,2011,0,1.0,0.0
ERR4034530,2011,0,0.0,0.0
ERR4034534,2011,0,0.0,0.0
ERR4034546,2011,0,0.0,0.0
ERR4034324,2011,0,0.0,0.0
ERR4034559,2011,0,0.0,0.0
ERR4034587,2011,0,0.0,0.0
ERR4034615,2011,0,0.0,0.0
ERR4034644,2011,0,0.0,0.0
ERR4034675,2011,0,0.0,0.0
ERR4034677,2011,0,0.0,0.0
ERR4034679,2011,0,0.0,0.0
ERR4034357,2011,0,0.0,0.0
ERR4034683,2011,0,0.0,0.0
ERR4034789,2011,0,0.0,0.0
ERR4034795,2011,0,0.0,0.0
ERR4034813,2011,0,0.0,0.0
ERR4034817,2011,0,0.0,0.0
ERR4034827,2011,0,0.0,0.0
ERR4034834,2011,0,0.0,0.0
ERR4034837,2011,0,0.0,0.0
ERR4034841,2011,0,0.0,0.0
ERR4034859,2011,0,0.0,0.0
ERR4034865,2011,0,0.0,0.0
ERR4034869,2011,0,0.0,0.0
ERR4034701,2011,0,0.0,0.0
ERR4034892,2011,0,0.0,0.0
ERR4034895,2011,0,0.0,0.0
ERR4034898,2011,0,0.0,0.0
ERR4034902,2011,0,0.0,0.0
ERR4034705,2011,0,0.0,0.0
ERR4034922,2011,0,0.0,0.0
ERR4034923,2011,0,0.0,0.0
ERR4034924,2011,0,0.0,0.0
ERR4034707,2011,0,0.0,0.0
ERR4034954,2011,0,0.0,0.0
ERR4034967,2011,0,0.0,0.0
ERR4035038,2011,0,0.0,0.0
ERR4034731,2011,0,0.0,0.0
ERR4034733,2011,0,0.0,0.0
ERR4034756,2011,0,0.0,0.0
ERR4034766,2011,0,0.0,0.0
ERR4035215,2011,0,0.0,0.0
ERR4035247,2011,0,0.0,0.0
ERR4035275,2011,0,0.0,0.0
ERR4035320,2011,0,0.0,0.0
ERR4035345,2011,0,0.0,0.0
ERR4035352,2011,0,0.0,0.0
ERR4035118,2011,0,0.0,0.0
ERR4035562,2011,1,1.0,1.0
ERR4035566,2011,0,0.0,0.0
ERR4035595,2011,0,0.0,0.0
ERR4035599,2011,0,0.0,0.0
ERR4035623,2011,0,0.0,0.0
ERR4035627,2011,0,0.0,0.0
ERR4035631,2011,0,0.0,0.0
ERR4035655,2011,0,0.0,0.0
ERR4035660,2011,0,0.0,0.0
ERR4035664,2011,0,0.0,0.0
ERR4035469,2011,0,0.0,0.0
ERR4035688,2011,0,0.0,0.0
ERR4035692,2011,0,0.0,0.0
ERR4035696,2011,0,0.0,0.0
ERR4035720,2011,0,0.0,0.0
ERR4035724,2011,0,0.0,0.0
ERR4035473,2011,0,0.0,0.0
ERR4035728,2011,0,0.0,0.0
ERR4035753,2011,0,0.0,0.0
ERR4035757,2011,0,0.0,0.0
ERR4035785,2011,0,0.0,0.0
ERR4035789,2011,0,0.0,0.0
ERR4035501,2011,0,0.0,0.0
ERR4035505,2011,0,0.0,0.0
ERR4035533,2011,0,0.0,0.0
ERR4035537,2011,0,0.0,0.0
ERR4035942,2011,0,0.0,0.0
ERR4035949,2011,0,1.0,0.0
ERR4035953,2011,0,0.0,0.0
ERR4035974,2011,0,0.0,0.0
ERR4035979,2011,0,0.0,0.0
ERR4035981,2011,1,0.0,0.0
ERR4035985,2011,0,0.0,0.0
ERR4036006,2011,0,0.0,0.0
ERR4036011,2011,0,0.0,0.0
ERR4036013,2011,1,1.0,1.0
ERR4036017,2011,0,0.0,0.0
ERR4035848,2011,0,0.0,0.0
ERR4035850,2011,0,0.0,0.0
ERR4036039,2011,0,0.0,0.0
ERR4036044,2011,0,0.0,0.0
ERR4036051,2011,0,0.0,0.0
ERR4035852,2011,0,0.0,0.0
ERR4036072,2011,1,1.0,1.0
ERR4036076,2011,0,0.0,0.0
ERR4036080,2011,0,0.0,0.0
ERR4035856,2011,0,0.0,0.0
ERR4036108,2011,0,0.0,0.0
ERR4036112,2011,0,0.0,0.0
ERR4036140,2011,0,0.0,0.0
ERR4036173,2011,0,0.0,0.0
ERR4036205,2011,0,0.0,0.0
ERR4035881,2011,0,0.0,0.0
ERR4035882,2011,0,0.0,0.0
ERR4035884,2011,0,0.0,0.0
ERR4035888,2011,0,0.0,0.0
ERR4035913,2011,0,0.0,0.0
ERR4035914,2011,0,0.0,0.0
ERR4035916,2011,0,0.0,0.0
ERR4035920,2011,0,0.0,0.0
ERR4036324,2011,0,0.0,0.0
ERR4036226,2011,0,0.0,0.0
ERR4036347,2011,0,0.0,0.0
ERR4036356,2011,0,0.0,0.0
ERR4036375,2011,0,0.0,0.0
ERR4036379,2011,0,0.0,0.0
ERR4036388,2011,0,0.0,0.0
ERR4036398,2011,0,0.0,0.0
ERR4036407,2011,0,0.0,0.0
ERR4036411,2011,1,1.0,1.0
ERR4036421,2011,0,0.0,0.0
ERR4036445,2011,0,0.0,0.0
ERR4036453,2011,0,0.0,0.0
ERR4036457,2011,0,0.0,0.0
ERR4036467,2011,1,1.0,1.0
ERR4036476,2011,0,0.0,0.0
ERR4036480,2011,0,0.0,0.0
ERR4036485,2011,0,0.0,0.0
ERR4036489,2011,0,0.0,0.0
ERR4036241,2011,0,0.0,0.0
ERR4036495,2011,0,0.0,0.0
ERR4036499,2011,0,0.0,0.0
ERR4036512,2011,0,0.0,0.0
ERR4036517,2011,0,0.0,0.0
ERR4036521,2011,0,0.0,0.0
ERR4036527,2011,0,0.0,0.0
ERR4036532,2011,0,0.0,0.0
ERR4036245,2011,0,0.0,0.0
ERR4036546,2011,0,0.0,0.0
ERR4036550,2011,0,0.0,0.0
ERR4036560,2011,0,0.0,0.0
ERR4036564,2011,0,0.0,0.0
ERR4036578,2011,0,0.0,0.0
ERR4036582,2011,0,0.0,0.0
ERR4036592,2011,0,0.0,0.0
ERR4036596,2011,0,0.0,0.0
ERR4036259,2011,0,0.0,0.0
ERR4036273,2011,0,0.0,0.0
ERR4036277,2011,0,0.0,0.0
ERR4036291,2011,0,0.0,0.0
ERR4036305,2011,0,0.0,0.0
ERR4036631,2011,0,0.0,0.0
ERR4036634,2011,0,0.0,0.0
ERR4036638,2011,0,0.0,0.0
ERR4036639,2011,0,0.0,0.0
ERR4036645,2011,0,0.0,0.0
ERR4036646,2011,0,0.0,0.0
ERR4036649,2011,0,0.0,0.0
ERR4036906,2011,1,0.0,1.0
ERR4036920,2011,0,0.0,0.0
ERR4036924,2011,0,0.0,0.0
ERR4036937,2011,0,0.0,0.0
ERR4036952,2011,0,0.0,0.0
ERR4036957,2011,0,0.0,0.0
ERR4036969,2011,0,0.0,0.0
ERR4036985,2011,0,0.0,0.0
ERR4036989,2011,0,0.0,0.0
ERR4037001,2011,0,0.0,0.0
ERR4037018,2011,0,0.0,0.0
ERR4037021,2011,0,0.0,0.0
ERR4037190,2011,0,0.0,0.0
ERR4037219,2011,0,0.0,0.0
ERR4037252,2011,0,0.0,0.0
ERR4037282,2011,0,0.0,0.0
ERR4037283,2011,0,0.0,0.0
ERR4037286,2011,0,0.0,0.0
ERR4037290,2011,0,0.0,0.0
ERR4037057,2011,0,0.0,0.0
ERR4037314,2011,0,0.0,0.0
ERR4037316,2011,0,0.0,0.0
ERR4037318,2011,0,0.0,0.0
ERR4037322,2011,0,0.0,0.0
ERR4037346,2011,0,0.0,0.0
ERR4037347,2011,0,0.0,0.0
ERR4037350,2011,0,0.0,0.0
ERR4037354,2011,0,0.0,0.0
ERR4037374,2011,0,0.0,0.0
ERR4037378,2011,0,0.0,0.0
ERR4037380,2011,0,0.0,0.0
ERR4037382,2011,0,0.0,0.0
ERR4037406,2011,0,0.0,0.0
ERR4037407,2011,0,0.0,0.0
ERR4037410,2011,0,0.0,0.0
ERR4037413,2011,0,0.0,0.0
ERR4037034,2011,0,0.0,0.0
ERR4037090,2011,0,0.0,0.0
ERR4037120,2011,0,0.0,0.0
ERR4037419,2011,0,0.0,0.0
ERR4037428,2011,0,0.0,0.0
ERR4037429,2011,0,0.0,0.0
ERR4037430,2011,0,0.0,0.0
ERR4034097,2010,0,0.0,0.0
ERR4034108,2010,0,0.0,0.0
ERR4034121,2010,0,0.0,0.0
ERR4034136,2010,0,0.0,0.0
ERR4034139,2010,0,0.0,0.0
ERR4034142,2010,0,0.0,0.0
ERR4034161,2010,0,0.0,0.0
ERR4034041,2010,0,0.0,0.0
ERR4034185,2010,0,0.0,0.0
ERR4034210,2010,0,0.0,0.0
ERR4034235,2010,0,0.0,0.0
ERR4034255,2010,0,0.0,0.0
ERR4034276,2010,0,0.0,0.0
ERR4034298,2010,0,0.0,0.0
ERR4034057,2010,0,0.0,0.0
ERR4034072,2010,0,0.0,0.0
ERR4034081,2010,0,0.0,0.0
ERR4034429,2010,0,0.0,0.0
ERR4034460,2010,0,0.0,0.0
ERR4034486,2010,0,0.0,0.0
ERR4034490,2010,0,0.0,0.0
ERR4034493,2010,0,0.0,0.0
ERR4034512,2010,0,0.0,0.0
ERR4034525,2010,0,0.0,0.0
ERR4034540,2010,0,0.0,0.0
ERR4034558,2010,0,0.0,0.0
ERR4034585,2010,0,0.0,0.0
ERR4034590,2010,0,0.0,0.0
ERR4034613,2010,0,0.0,0.0
ERR4034622,2010,0,0.0,0.0
ERR4034626,2010,0,0.0,0.0
ERR4034633,2010,0,0.0,0.0
ERR4034655,2010,0,0.0,0.0
ERR4034659,2010,0,0.0,0.0
ERR4034666,2010,0,0.0,0.0
ERR4034335,2010,0,0.0,0.0
ERR4034670,2010,0,0.0,0.0
ERR4034671,2010,0,0.0,0.0
ERR4034303,2010,0,0.0,0.0
ERR4034307,2010,0,0.0,0.0
ERR4034397,2010,0,0.0,0.0
ERR4034785,2010,0,0.0,0.0
ERR4034802,2010,0,0.0,0.0
ERR4034809,2010,0,0.0,0.0
ERR4034833,2010,0,0.0,0.0
ERR4034699,2010,0,0.0,0.0
ERR4034861,2010,0,0.0,0.0
ERR4034703,2010,0,0.0,0.0
ERR4034894,2010,0,0.0,0.0
ERR4034704,2010,0,0.0,0.0
ERR4034918,2010,0,0.0,0.0
ERR4034950,2010,0,0.0,0.0
ERR4034963,2010,0,0.0,0.0
ERR4034995,2010,0,0.0,0.0
ERR4035023,2010,0,0.0,0.0
ERR4035030,2010,0,0.0,0.0
ERR4035034,2010,0,0.0,0.0
ERR4035056,2010,0,0.0,0.0
ERR4035059,2010,0,0.0,0.0
ERR4035063,2010,0,0.0,0.0
ERR4034723,2010,0,0.0,0.0
ERR4034727,2010,0,0.0,0.0
ERR4034736,2010,0,0.0,0.0
ERR4034747,2010,0,0.0,0.0
ERR4034751,2010,0,0.0,0.0
ERR4034769,2010,0,0.0,0.0
ERR4034780,2010,0,0.0,0.0
ERR4035076,2010,0,0.0,0.0
ERR4035168,2010,0,0.0,0.0
ERR4035172,2010,0,0.0,0.0
ERR4035182,2010,0,0.0,0.0
ERR4035201,2010,0,0.0,0.0
ERR4035205,2010,0,0.0,0.0
ERR4035080,2010,0,0.0,0.0
ERR4035226,2010,0,0.0,0.0
ERR4035230,2010,0,0.0,0.0
ERR4035234,2010,0,0.0,0.0
ERR4035258,2010,0,0.0,0.0
ERR4035262,2010,0,0.0,0.0
ERR4035266,2010,0,0.0,0.0
ERR4035290,2010,0,0.0,0.0
ERR4035295,2010,0,0.0,0.0
ERR4035090,2010,0,0.0,0.0
ERR4035323,2010,0,0.0,0.0
ERR4035327,2010,0,0.0,0.0
ERR4035332,2010,0,0.0,0.0
ERR4035336,2010,0,0.0,0.0
ERR4035351,2010,0,0.0,0.0
ERR4035355,2010,0,0.0,0.0
ERR4035368,2010,0,0.0,0.0
ERR4035383,2010,0,0.0,0.0
ERR4035388,2010,0,0.0,0.0
ERR4035397,2010,0,0.0,0.0
ERR4035401,2010,0,0.0,0.0
ERR4035423,2010,0,0.0,0.0
ERR4035427,2010,0,0.0,0.0
ERR4035429,2010,0,0.0,0.0
ERR4035433,2010,0,0.0,0.0
ERR4035438,2010,1,1.0,1.0
ERR4035107,2010,0,0.0,0.0
ERR4035111,2010,0,0.0,0.0
ERR4035136,2010,0,0.0,0.0
ERR4035140,2010,0,0.0,0.0
ERR4035153,2010,0,0.0,0.0
ERR4035558,2010,1,0.0,1.0
ERR4035591,2010,0,0.0,0.0
ERR4035497,2010,0,0.0,0.0
ERR4035529,2010,0,0.0,0.0
ERR4035938,2010,0,0.0,0.0
ERR4035945,2010,0,0.0,0.0
ERR4035966,2010,0,0.0,0.0
ERR4035970,2010,0,1.0,0.0
ERR4035977,2010,0,0.0,0.0
ERR4035844,2010,0,0.0,0.0
ERR4035998,2010,0,0.0,0.0
ERR4036002,2010,0,0.0,0.0
ERR4035847,2010,0,0.0,0.0
ERR4036009,2010,0,0.0,0.0
ERR4036031,2010,0,0.0,0.0
ERR4036035,2010,0,0.0,0.0
ERR4036068,2010,0,0.0,0.0
ERR4036098,2010,0,0.0,0.0
ERR4036105,2010,0,0.0,0.0
ERR4036130,2010,0,0.0,0.0
ERR4036137,2010,0,0.0,0.0
ERR4036163,2010,0,0.0,0.0
ERR4036166,2010,1,1.0,1.0
ERR4036195,2010,0,0.0,0.0
ERR4036198,2010,0,0.0,0.0
ERR4035877,2010,0,0.0,0.0
ERR4035880,2010,0,0.0,0.0
ERR4035909,2010,0,0.0,0.0
ERR4035912,2010,0,0.0,0.0
ERR4036325,2010,0,0.0,0.0
ERR4036227,2010,0,0.0,0.0
ERR4036357,2010,0,0.0,0.0
ERR4036389,2010,0,0.0,0.0
ERR4036414,2010,0,0.0,0.0
ERR4036418,2010,0,0.0,0.0
ERR4036447,2010,0,0.0,0.0
ERR4036451,2010,0,0.0,0.0
ERR4036260,2010,0,0.0,0.0
ERR4036292,2010,0,0.0,0.0
ERR4036625,2010,0,0.0,0.0
ERR4036626,2010,0,0.0,0.0
ERR4036603,2010,0,0.0,0.0
ERR4036610,2010,0,0.0,0.0
ERR4036611,2010,0,0.0,0.0
ERR4036618,2010,0,0.0,0.0
ERR4036619,2010,0,0.0,0.0
ERR4036757,2010,0,0.0,0.0
ERR4036664,2010,0,0.0,0.0
ERR4036788,2010,0,0.0,0.0
ERR4036821,2010,0,0.0,0.0
ERR4036852,2010,0,0.0,0.0
ERR4036884,2010,0,0.0,0.0
ERR4036901,2010,0,0.0,0.0
ERR4036913,2010,0,0.0,0.0
ERR4036916,2010,0,0.0,0.0
ERR4036932,2010,0,0.0,0.0
ERR4036948,2010,0,0.0,0.0
ERR4036966,2010,0,0.0,0.0
ERR4036979,2010,0,0.0,0.0
ERR4036996,2010,0,0.0,0.0
ERR4037011,2010,0,0.0,0.0
ERR4037028,2010,0,0.0,0.0
ERR4036695,2010,0,0.0,0.0
ERR4036726,2010,0,0.0,0.0
ERR4037144,2010,0,0.0,0.0
ERR4037156,2010,0,0.0,0.0
ERR4037177,2010,0,0.0,0.0
ERR4037210,2010,0,0.0,0.0
ERR4037242,2010,0,0.0,0.0
ERR4037248,2010,0,0.0,0.0
ERR4037275,2010,0,0.0,0.0
ERR4037278,2010,0,0.0,0.0
ERR4037279,2010,0,0.0,0.0
ERR4037310,2010,0,0.0,0.0
ERR4037312,2010,0,0.0,0.0
ERR4037313,2010,0,0.0,0.0
ERR4037059,2010,1,0.0,1.0
ERR4037342,2010,0,0.0,0.0
ERR4037343,2010,0,0.0,0.0
ERR4037344,2010,0,0.0,0.0
ERR4037376,2010,0,0.0,0.0
ERR4037377,2010,0,0.0,0.0
ERR4037402,2010,0,0.0,0.0
ERR4037409,2010,0,0.0,0.0
ERR4037092,2010,0,0.0,0.0
ERR4037126,2010,0,0.0,0.0
ERR4037417,2010,0,0.0,0.0
ERR4037418,2010,0,0.0,0.0
ERR4037452,2010,0,0.0,0.0
ERR4037460,2010,0,0.0,0.0
ERR4037436,2010,0,0.0,0.0
ERR4037444,2010,0,0.0,0.0
ERR4034094,2009,0,0.0,0.0
ERR4034118,2009,0,0.0,0.0
ERR4034140,2009,0,0.0,0.0
ERR4034158,2009,0,0.0,0.0
ERR4034182,2009,0,0.0,0.0
ERR4034194,2009,0,0.0,0.0
ERR4034204,2009,0,0.0,0.0
ERR4034207,2009,0,0.0,0.0
ERR4034228,2009,0,0.0,0.0
ERR4034231,2009,0,0.0,0.0
ERR4034252,2009,0,0.0,0.0
ERR4034270,2009,0,0.0,0.0
ERR4034273,2009,0,0.0,0.0
ERR4034275,2009,0,0.0,0.0
ERR4034285,2009,0,0.0,0.0
ERR4034295,2009,0,0.0,0.0
ERR4034055,2009,0,0.0,0.0
ERR4034073,2009,0,0.0,0.0
ERR4034299,2009,0,0.0,0.0
ERR4034403,2009,0,0.0,0.0
ERR4034407,2009,0,0.0,0.0
ERR4034310,2009,0,0.0,0.0
ERR4034424,2009,0,0.0,0.0
ERR4034425,2009,0,0.0,0.0
ERR4034427,2009,0,0.0,0.0
ERR4034428,2009,0,0.0,0.0
ERR4034455,2009,0,0.0,0.0
ERR4034456,2009,0,0.0,0.0
ERR4034457,2009,0,0.0,0.0
ERR4034459,2009,0,0.0,0.0
ERR4034480,2009,0,0.0,0.0
ERR4034484,2009,0,0.0,0.0
ERR4034489,2009,0,0.0,0.0
ERR4034504,2009,0,0.0,0.0
ERR4034521,2009,0,0.0,0.0
ERR4034536,2009,0,0.0,0.0
ERR4034549,2009,0,0.0,0.0
ERR4034554,2009,0,0.0,0.0
ERR4034582,2009,0,0.0,0.0
ERR4034586,2009,0,0.0,0.0
ERR4034601,2009,0,0.0,0.0
ERR4034605,2009,0,0.0,0.0
ERR4034614,2009,0,0.0,0.0
ERR4034618,2009,0,0.0,0.0
ERR4034331,2009,0,0.0,0.0
ERR4034629,2009,0,0.0,0.0
ERR4034654,2009,0,0.0,0.0
ERR4034334,2009,0,0.0,0.0
ERR4034658,2009,0,0.0,0.0
ERR4034662,2009,0,0.0,0.0
ERR4034338,2009,0,0.0,0.0
ERR4034359,2009,0,0.0,0.0
ERR4034363,2009,0,0.0,0.0
ERR4034364,2009,0,0.0,0.0
ERR4034306,2009,0,0.0,0.0
ERR4034379,2009,0,0.0,0.0
ERR4034383,2009,0,0.0,0.0
ERR4034387,2009,0,0.0,0.0
ERR4034392,2009,0,0.0,0.0
ERR4034393,2009,0,0.0,0.0
ERR4034805,2009,0,0.0,0.0
ERR4034695,2009,0,0.0,0.0
ERR4034853,2009,0,0.0,0.0
ERR4034857,2009,0,0.0,0.0
ERR4034886,2009,0,0.0,0.0
ERR4034914,2009,0,0.0,0.0
ERR4034942,2009,0,0.0,0.0
ERR4034946,2009,0,0.0,0.0
ERR4035026,2009,0,0.0,0.0
ERR4034719,2009,0,0.0,0.0
ERR4035055,2009,0,0.0,0.0
ERR4034743,2009,0,0.0,0.0
ERR4034776,2009,0,0.0,0.0
ERR4035193,2009,0,0.0,0.0
ERR4035197,2009,0,0.0,0.0
ERR4035222,2009,0,0.0,0.0
ERR4035250,2009,0,0.0,0.0
ERR4035254,2009,1,1.0,0.0
ERR4035068,2009,0,0.0,0.0
ERR4035282,2009,0,0.0,0.0
ERR4035286,2009,0,0.0,0.0
ERR4035315,2009,0,0.0,0.0
ERR4035319,2009,0,0.0,0.0
ERR4035328,2009,0,0.0,0.0
ERR4035347,2009,0,0.0,0.0
ERR4035360,2009,0,0.0,0.0
ERR4035375,2009,0,0.0,0.0
ERR4035379,2009,0,0.0,0.0
ERR4035393,2009,0,0.0,0.0
ERR4035099,2009,0,0.0,0.0
ERR4035410,2009,0,0.0,0.0
ERR4035415,2009,0,0.0,0.0
ERR4035419,2009,0,0.0,0.0
ERR4035424,2009,0,0.0,0.0
ERR4035425,2009,0,0.0,0.0
ERR4035428,2009,0,0.0,0.0
ERR4035103,2009,0,0.0,0.0
ERR4035072,2009,0,0.0,0.0
ERR4035128,2009,0,0.0,0.0
ERR4035132,2009,0,0.0,0.0
ERR4035160,2009,0,0.0,0.0
ERR4035164,2009,0,0.0,0.0
ERR4035933,2009,0,0.0,0.0
ERR4035937,2009,0,0.0,0.0
ERR4035840,2009,0,0.0,0.0
ERR4035962,2009,0,0.0,0.0
ERR4035994,2009,0,0.0,0.0
ERR4036026,2009,0,0.0,0.0
ERR4036060,2009,0,0.0,0.0
ERR4036094,2009,0,0.0,0.0
ERR4036097,2009,0,0.0,0.0
ERR4036101,2009,0,0.0,0.0
ERR4036126,2009,0,0.0,0.0
ERR4036129,2009,0,0.0,0.0
ERR4036133,2009,0,0.0,0.0
ERR4036158,2009,0,0.0,0.0
ERR4036159,2009,0,0.0,0.0
ERR4036162,2009,0,0.0,0.0
ERR4036187,2009,0,0.0,0.0
ERR4036190,2009,0,0.0,0.0
ERR4036191,2009,0,0.0,0.0
ERR4036194,2009,0,0.0,0.0
ERR4035873,2009,0,0.0,0.0
ERR4035905,2009,0,0.0,0.0
ERR4036223,2009,0,0.0,0.0
ERR4036316,2009,1,1.0,1.0
ERR4036320,2009,0,0.0,0.0
ERR4036349,2009,0,0.0,0.0
ERR4036353,2009,1,0.0,1.0
ERR4036381,2009,0,0.0,0.0
ERR4036385,2009,0,0.0,0.0
ERR4036413,2009,0,0.0,0.0
ERR4036443,2009,0,0.0,0.0
ERR4036252,2009,0,0.0,0.0
ERR4036256,2009,0,0.0,0.0
ERR4036219,2009,0,0.0,0.0
ERR4036284,2009,1,0.0,1.0
ERR4036288,2009,0,0.0,0.0
ERR4036754,2009,0,0.0,0.0
ERR4036662,2009,0,0.0,0.0
ERR4036780,2009,0,0.0,0.0
ERR4036785,2009,0,0.0,0.0
ERR4036813,2009,0,0.0,0.0
ERR4036816,2009,0,0.0,0.0
ERR4036848,2009,0,0.0,0.0
ERR4036876,2009,0,0.0,0.0
ERR4036908,2009,0,0.0,0.0
ERR4036943,2009,0,0.0,0.0
ERR4036975,2009,0,0.0,0.0
ERR4036991,2009,0,0.0,0.0
ERR4037008,2009,0,0.0,0.0
ERR4037025,2009,0,0.0,0.0
ERR4036693,2009,0,0.0,0.0
ERR4036721,2009,0,0.0,0.0
ERR4036749,2009,0,0.0,0.0
ERR4037136,2009,0,0.0,0.0
ERR4037140,2009,0,0.0,0.0
ERR4037149,2009,0,0.0,0.0
ERR4037151,2009,1,0.0,0.0
ERR4037169,2009,0,0.0,0.0
ERR4037044,2009,0,0.0,0.0
ERR4037173,2009,0,0.0,0.0
ERR4037180,2009,0,0.0,0.0
ERR4037186,2009,0,0.0,0.0
ERR4037195,2009,0,0.0,0.0
ERR4037202,2009,0,0.0,0.0
ERR4037203,2009,0,0.0,0.0
ERR4037212,2009,0,0.0,0.0
ERR4037215,2009,0,0.0,0.0
ERR4037230,2009,0,0.0,0.0
ERR4037231,2009,0,0.0,0.0
ERR4037238,2009,0,0.0,0.0
ERR4037243,2009,0,0.0,0.0
ERR4037245,2009,0,0.0,0.0
ERR4037259,2009,0,0.0,0.0
ERR4037053,2009,0,0.0,0.0
ERR4037266,2009,1,0.0,1.0
ERR4037267,2009,0,0.0,0.0
ERR4037276,2009,0,0.0,0.0
ERR4037055,2009,0,0.0,0.0
ERR4037339,2009,0,0.0,0.0
ERR4037373,2009,0,0.0,0.0
ERR4037403,2009,0,0.0,0.0
ERR4037073,2009,0,0.0,0.0
ERR4037077,2009,0,0.0,0.0
ERR4037086,2009,0,0.0,0.0
ERR4037088,2009,0,0.0,0.0
ERR4037103,2009,1,1.0,1.0
ERR4037107,2009,0,0.0,0.0
ERR4037116,2009,0,0.0,0.0
ERR4037039,2009,0,0.0,0.0
ERR4037122,2009,0,0.0,0.0
ERR4034091,2008,0,0.0,0.0
ERR4034115,2008,0,0.0,0.0
ERR4034127,2008,0,0.0,0.0
ERR4034137,2008,0,0.0,0.0
ERR4034155,2008,0,0.0,0.0
ERR4034166,2008,1,1.0,1.0
ERR4034178,2008,0,0.0,0.0
ERR4034179,2008,0,0.0,0.0
ERR4034260,2008,0,0.0,0.0
ERR4034266,2008,0,0.0,0.0
ERR4034267,2008,0,0.0,0.0
ERR4034292,2008,0,0.0,0.0
ERR4034053,2008,0,0.0,0.0
ERR4034070,2008,0,0.0,0.0
ERR4034399,2008,0,0.0,0.0
ERR4034416,2008,0,0.0,0.0
ERR4034420,2008,0,0.0,0.0
ERR4034423,2008,0,0.0,0.0
ERR4034448,2008,0,0.0,0.0
ERR4034451,2008,0,0.0,0.0
ERR4034452,2008,0,0.0,0.0
ERR4034453,2008,0,0.0,0.0
ERR4034476,2008,0,0.0,0.0
ERR4034481,2008,0,0.0,0.0
ERR4034482,2008,0,0.0,0.0
ERR4034485,2008,0,0.0,0.0
ERR4034513,2008,0,0.0,0.0
ERR4034517,2008,0,0.0,0.0
ERR4034528,2008,0,0.0,0.0
ERR4034532,2008,0,0.0,0.0
ERR4034545,2008,0,0.0,0.0
ERR4034553,2008,0,0.0,0.0
ERR4034326,2008,0,0.0,0.0
ERR4034578,2008,0,0.0,0.0
ERR4034610,2008,0,0.0,0.0
ERR4034330,2008,0,0.0,0.0
ERR4034646,2008,0,0.0,0.0
ERR4034650,2008,0,0.0,0.0
ERR4034651,2008,0,0.0,0.0
ERR4034302,2008,0,0.0,0.0
ERR4034351,2008,0,0.0,0.0
ERR4034355,2008,0,0.0,0.0
ERR4034375,2008,0,0.0,0.0
ERR4034384,2008,0,0.0,0.0
ERR4034388,2008,0,0.0,0.0
ERR4034797,2008,0,0.0,0.0
ERR4034801,2008,1,0.0,1.0
ERR4034825,2008,0,0.0,1.0
ERR4034829,2008,0,0.0,0.0
ERR4034849,2008,0,0.0,0.0
ERR4034882,2008,0,0.0,0.0
ERR4034910,2008,0,0.0,0.0
ERR4034938,2008,0,0.0,0.0
ERR4034715,2008,0,0.0,0.0
ERR4035022,2008,0,0.0,0.0
ERR4035047,2008,0,0.0,0.0
ERR4035051,2008,0,0.0,0.0
ERR4034687,2008,0,0.0,0.0
ERR4034739,2008,0,0.0,0.0
ERR4034768,2008,0,0.0,0.0
ERR4034691,2008,0,0.0,0.0
ERR4034772,2008,0,0.0,0.0
ERR4035185,2008,0,0.0,0.0
ERR4035189,2008,0,0.0,0.0
ERR4035214,2008,0,0.0,0.0
ERR4035218,2008,1,1.0,1.0
ERR4035246,2008,0,0.0,0.0
ERR4035278,2008,0,0.0,0.0
ERR4035311,2008,0,0.0,0.0
ERR4035313,2008,0,0.0,0.0
ERR4035095,2008,0,0.0,0.0
ERR4035411,2008,0,0.0,0.0
ERR4035416,2008,0,0.0,0.0
ERR4035420,2008,0,0.0,0.0
ERR4035443,2008,0,0.0,0.0
ERR4035125,2008,0,0.0,0.0
ERR4035152,2008,0,0.0,0.0
ERR4035156,2008,0,0.0,0.0
ERR4036093,2008,0,0.0,0.0
ERR4036121,2008,0,0.0,0.0
ERR4036125,2008,0,0.0,0.0
ERR4036150,2008,0,0.0,0.0
ERR4036154,2008,0,0.0,0.0
ERR4036182,2008,0,0.0,0.0
ERR4036186,2008,1,1.0,1.0
ERR4036624,2008,0,0.0,0.0
ERR4036602,2008,0,0.0,0.0
ERR4036609,2008,0,0.0,0.0
ERR4036617,2008,0,0.0,0.0
ERR4036764,2008,0,0.0,0.0
ERR4036777,2008,0,0.0,0.0
ERR4036797,2008,0,0.0,0.0
ERR4036808,2008,0,0.0,0.0
ERR4036830,2008,0,0.0,0.0
ERR4036840,2008,0,0.0,0.0
ERR4036861,2008,0,0.0,0.0
ERR4036873,2008,0,0.0,0.0
ERR4036893,2008,0,0.0,0.0
ERR4036898,2008,0,0.0,0.0
ERR4036905,2008,0,0.0,0.0
ERR4036929,2008,0,0.0,0.0
ERR4036940,2008,0,0.0,0.0
ERR4036654,2008,0,0.0,0.0
ERR4036972,2008,0,0.0,0.0
ERR4036685,2008,0,0.0,0.0
ERR4037003,2008,0,0.0,0.0
ERR4036687,2008,0,0.0,0.0
ERR4036656,2008,0,0.0,0.0
ERR4036703,2008,0,0.0,0.0
ERR4036713,2008,0,0.0,0.0
ERR4036719,2008,0,0.0,0.0
ERR4036732,2008,0,0.0,0.0
ERR4036746,2008,0,0.0,0.0
ERR4037031,2008,0,0.0,0.0
ERR4037132,2008,0,0.0,0.0
ERR4037134,2008,0,0.0,0.0
ERR4037138,2008,0,0.0,0.0
ERR4037041,2008,0,0.0,0.0
ERR4037145,2008,0,0.0,0.0
ERR4037150,2008,0,0.0,0.0
ERR4037157,2008,0,0.0,0.0
ERR4037161,2008,0,0.0,0.0
ERR4037163,2008,0,0.0,0.0
ERR4037165,2008,0,0.0,0.0
ERR4037178,2008,0,0.0,0.0
ERR4037187,2008,0,0.0,0.0
ERR4037191,2008,0,0.0,0.0
ERR4037208,2008,0,0.0,0.0
ERR4037222,2008,0,0.0,0.0
ERR4037226,2008,0,0.0,0.0
ERR4037229,2008,0,0.0,1.0
ERR4037241,2008,0,0.0,0.0
ERR4037254,2008,0,0.0,0.0
ERR4037258,2008,0,0.0,0.0
ERR4037260,2008,0,0.0,0.0
ERR4037054,2008,0,0.0,0.0
ERR4037271,2008,0,0.0,0.0
ERR4037296,2008,0,0.0,0.0
ERR4037309,2008,0,0.0,0.0
ERR4037328,2008,0,0.0,0.0
ERR4037060,2008,0,0.0,0.0
ERR4037362,2008,0,0.0,0.0
ERR4037064,2008,0,0.0,0.0
ERR4037391,2008,0,0.0,0.0
ERR4037404,2008,0,0.0,0.0
ERR4037068,2008,0,0.0,0.0
ERR4037070,2008,0,0.0,0.0
ERR4037071,2008,0,0.0,0.0
ERR4037035,2008,0,0.0,0.0
ERR4037083,2008,0,0.0,0.0
ERR4037093,2008,0,0.0,0.0
ERR4037097,2008,0,1.0,0.0
ERR4037099,2008,0,0.0,0.0
ERR4037101,2008,0,0.0,0.0
ERR4037105,2008,0,0.0,0.0
ERR4037112,2008,0,0.0,0.0
ERR4037117,2008,0,0.0,0.0
ERR4037123,2008,0,0.0,0.0
ERR4037128,2008,0,0.0,0.0
ERR4034031,2007,0,0.0,0.0
ERR4034201,2007,0,0.0,0.0
ERR4034218,2007,0,0.0,0.0
ERR4034225,2007,0,0.0,0.0
ERR4034246,2007,0,0.0,0.0
ERR4034254,2007,0,0.0,0.0
ERR4034263,2007,0,0.0,0.0
ERR4034269,2007,0,0.0,0.0
ERR4034272,2007,0,0.0,0.0
ERR4034278,2007,0,0.0,0.0
ERR4034282,2007,0,0.0,0.0
ERR4034412,2007,0,0.0,0.0
ERR4034419,2007,0,0.0,0.0
ERR4034421,2007,0,0.0,0.0
ERR4034443,2007,0,0.0,0.0
ERR4034444,2007,0,0.0,0.0
ERR4034447,2007,0,0.0,0.0
ERR4034468,2007,0,0.0,0.0
ERR4034477,2007,0,0.0,0.0
ERR4034488,2007,0,0.0,0.0
ERR4034492,2007,0,0.0,0.0
ERR4034509,2007,1,0.0,1.0
ERR4034520,2007,0,0.0,0.0
ERR4034524,2007,0,0.0,0.0
ERR4034322,2007,0,0.0,0.0
ERR4034541,2007,0,0.0,0.0
ERR4034569,2007,0,0.0,0.0
ERR4034570,2007,0,0.0,0.0
ERR4034573,2007,0,0.0,0.0
ERR4034574,2007,0,0.0,0.0
ERR4034327,2007,0,0.0,0.0
ERR4034589,2007,0,0.0,0.0
ERR4034602,2007,0,0.0,0.0
ERR4034606,2007,1,1.0,1.0
ERR4034624,2007,0,0.0,0.0
ERR4034647,2007,0,0.0,0.0
ERR4034657,2007,0,0.0,0.0
ERR4034680,2007,0,0.0,0.0
ERR4034337,2007,0,0.0,0.0
ERR4034347,2007,0,0.0,0.0
ERR4034360,2007,0,0.0,0.0
ERR4034305,2007,0,0.0,0.0
ERR4034370,2007,0,0.0,0.0
ERR4034374,2007,0,0.0,0.0
ERR4034380,2007,0,0.0,0.0
ERR4034389,2007,0,0.0,0.0
ERR4034391,2007,0,0.0,0.0
ERR4034878,2007,0,0.0,0.0
ERR4034913,2007,0,0.0,0.0
ERR4034934,2007,0,0.0,0.0
ERR4034945,2007,0,0.0,0.0
ERR4034711,2007,0,0.0,0.0
ERR4034978,2007,0,0.0,0.0
ERR4034981,2007,0,0.0,0.0
ERR4034985,2007,0,0.0,0.0
ERR4035009,2007,0,0.0,0.0
ERR4035010,2007,0,0.0,0.0
ERR4035013,2007,0,0.0,0.0
ERR4035014,2007,0,0.0,0.0
ERR4035018,2007,0,0.0,0.0
ERR4035041,2007,0,0.0,0.0
ERR4035046,2007,0,0.0,0.0
ERR4034764,2007,0,0.0,0.0
ERR4035183,2007,0,0.0,0.0
ERR4035216,2007,0,0.0,0.0
ERR4035248,2007,0,0.0,0.0
ERR4035280,2007,0,0.0,0.0
ERR4035412,2007,0,0.0,0.0
ERR4035444,2007,0,0.0,0.0
ERR4036081,2007,0,0.0,0.0
ERR4036085,2007,0,0.0,0.0
ERR4036113,2007,0,0.0,0.0
ERR4036117,2007,0,0.0,0.0
ERR4036145,2007,0,0.0,0.0
ERR4036146,2007,0,0.0,0.0
ERR4036174,2007,0,0.0,0.0
ERR4036178,2007,0,0.0,0.0
ERR4036206,2007,0,0.0,0.0
ERR4036210,2007,0,0.0,0.0
ERR4036463,2007,0,0.0,0.0
ERR4036767,2007,0,0.0,0.0
ERR4036772,2007,0,0.0,0.0
ERR4036802,2007,0,0.0,0.0
ERR4036834,2007,0,0.0,0.0
ERR4036837,2007,0,0.0,0.0
ERR4036865,2007,0,0.0,0.0
ERR4036868,2007,0,0.0,0.0
ERR4036894,2007,0,0.0,0.0
ERR4036895,2007,0,0.0,0.0
ERR4036900,2007,0,0.0,0.0
ERR4036935,2007,0,0.0,0.0
ERR4036680,2007,0,0.0,0.0
ERR4036681,2007,0,0.0,0.0
ERR4036967,2007,0,0.0,0.0
ERR4036995,2007,0,0.0,0.0
ERR4037000,2007,0,0.0,0.0
ERR4037027,2007,0,0.0,0.0
ERR4036708,2007,0,0.0,0.0
ERR4036711,2007,0,0.0,0.0
ERR4036738,2007,0,0.0,0.0
ERR4036741,2007,0,0.0,0.0
ERR4037130,2007,0,0.0,0.0
ERR4037148,2007,0,0.0,0.0
ERR4037152,2007,0,0.0,0.0
ERR4037159,2007,1,1.0,1.0
ERR4037179,2007,0,0.0,0.0
ERR4037183,2007,0,0.0,0.0
ERR4037193,2007,0,0.0,0.0
ERR4037214,2007,0,0.0,0.0
ERR4037218,2007,0,0.0,0.0
ERR4037049,2007,0,0.0,0.0
ERR4037225,2007,0,0.0,0.0
ERR4037237,2007,0,0.0,0.0
ERR4037239,2007,0,0.0,0.0
ERR4037246,2007,0,0.0,0.0
ERR4037052,2007,0,0.0,0.0
ERR4037250,2007,0,0.0,0.0
ERR4037255,2007,0,0.0,0.0
ERR4037268,2007,0,0.0,0.0
ERR4037272,2007,0,0.0,0.0
ERR4037056,2007,0,0.0,0.0
ERR4037305,2007,0,0.0,0.0
ERR4037307,2007,0,0.0,0.0
ERR4037325,2007,0,0.0,0.0
ERR4037033,2007,0,0.0,0.0
ERR4037335,2007,0,0.0,0.0
ERR4037340,2007,0,0.0,0.0
ERR4037357,2007,0,0.0,0.0
ERR4037368,2007,0,0.0,0.0
ERR4037371,2007,0,0.0,0.0
ERR4037388,2007,0,0.0,0.0
ERR4037066,2007,0,0.0,0.0
ERR4037399,2007,0,0.0,0.0
ERR4037082,2007,0,0.0,0.0
ERR4037085,2007,0,0.0,0.0
ERR4037089,2007,0,0.0,0.0
ERR4037095,2007,0,0.0,0.0
ERR4037037,2007,0,0.0,0.0
ERR4037115,2007,0,0.0,0.0
ERR4037119,2007,0,0.0,0.0
ERR4034111,2006,0,0.0,0.0
ERR4034130,2006,0,0.0,0.0
ERR4034402,2006,0,0.0,0.0
ERR4034405,2006,0,0.0,0.0
ERR4034408,2006,0,0.0,0.0
ERR4034417,2006,0,0.0,0.0
ERR4034434,2006,0,0.0,0.0
ERR4034437,2006,0,0.0,0.0
ERR4034440,2006,0,0.0,0.0
ERR4034449,2006,0,0.0,0.0
ERR4034463,2006,0,0.0,0.0
ERR4034466,2006,0,0.0,0.0
ERR4034473,2006,0,0.0,0.0
ERR4034478,2006,0,0.0,0.0
ERR4034495,2006,0,0.0,0.0
ERR4034505,2006,0,0.0,0.0
ERR4034527,2006,0,0.0,0.0
ERR4034537,2006,0,0.0,0.0
ERR4034323,2006,0,0.0,0.0
ERR4034560,2006,0,0.0,0.0
ERR4034592,2006,0,0.0,0.0
ERR4034301,2006,0,0.0,0.0
ERR4034598,2006,0,0.0,0.0
ERR4034638,2006,0,0.0,0.0
ERR4034333,2006,0,0.0,0.0
ERR4034653,2006,0,0.0,0.0
ERR4034676,2006,0,0.0,0.0
ERR4034343,2006,0,0.0,0.0
ERR4034346,2006,1,0.0,1.0
ERR4034356,2006,0,0.0,0.0
ERR4034366,2006,0,0.0,0.0
ERR4034372,2006,0,0.0,0.0
ERR4034376,2006,0,0.0,0.0
ERR4034385,2006,0,0.0,0.0
ERR4034784,2006,0,0.0,0.0
ERR4034816,2006,0,0.0,0.0
ERR4034848,2006,0,0.0,0.0
ERR4034881,2006,0,0.0,0.0
ERR4034941,2006,0,0.0,0.0
ERR4034974,2006,0,0.0,0.0
ERR4034977,2006,0,0.0,0.0
ERR4035005,2006,0,0.0,0.0
ERR4035006,2006,0,0.0,0.0
ERR4035037,2006,0,0.0,0.0
ERR4035066,2006,0,0.0,0.0
ERR4034722,2006,0,0.0,0.0
ERR4034690,2006,0,0.0,0.0
ERR4035324,2006,0,0.0,0.0
ERR4035356,2006,0,0.0,0.0
ERR4035069,2006,0,0.0,0.0
ERR4035097,2006,0,0.0,0.0
ERR4035389,2006,0,0.0,0.0
ERR4035408,2006,0,0.0,0.0
ERR4035421,2006,0,0.0,0.0
ERR4035440,2006,0,0.0,0.0
ERR4035126,2006,0,0.0,0.0
ERR4035804,2006,0,0.0,0.0
ERR4035943,2006,0,0.0,0.0
ERR4035958,2006,0,0.0,0.0
ERR4035975,2006,0,0.0,0.0
ERR4035990,2006,0,0.0,0.0
ERR4036007,2006,0,0.0,0.0
ERR4036022,2006,0,0.0,0.0
ERR4036040,2006,0,0.0,0.0
ERR4036055,2006,0,0.0,0.0
ERR4036073,2006,0,0.0,0.0
ERR4036077,2006,0,0.0,0.0
ERR4036109,2006,0,0.0,0.0
ERR4036141,2006,0,0.0,0.0
ERR4036170,2006,0,0.0,0.0
ERR4036202,2006,0,0.0,0.0
ERR4035869,2006,0,0.0,0.0
ERR4035836,2006,0,0.0,0.0
ERR4035901,2006,0,0.0,0.0
ERR4035910,2006,0,0.0,0.0
ERR4036394,2006,0,0.0,0.0
ERR4036472,2006,0,0.0,0.0
ERR4036623,2006,0,0.0,0.0
ERR4036601,2006,0,0.0,0.0
ERR4036605,2006,0,0.0,0.0
ERR4036608,2006,0,0.0,0.0
ERR4036598,2006,0,0.0,0.0
ERR4036613,2006,0,0.0,0.0
ERR4036616,2006,0,0.0,0.0
ERR4036620,2006,0,0.0,0.0
ERR4036761,2006,0,0.0,0.0
ERR4036766,2006,0,0.0,0.0
ERR4036770,2006,0,0.0,0.0
ERR4036793,2006,0,0.0,0.0
ERR4036798,2006,0,0.0,0.0
ERR4036800,2006,0,0.0,0.0
ERR4036825,2006,0,0.0,0.0
ERR4036827,2006,0,0.0,0.0
ERR4036832,2006,0,0.0,0.0
ERR4036671,2006,0,0.0,0.0
ERR4036857,2006,0,0.0,0.0
ERR4036862,2006,0,0.0,0.0
ERR4036863,2006,0,0.0,0.0
ERR4036675,2006,0,0.0,0.0
ERR4036897,2006,0,0.0,0.0
ERR4036677,2006,0,0.0,0.0
ERR4036933,2006,0,0.0,0.0
ERR4036934,2006,0,0.0,0.0
ERR4036994,2006,0,0.0,0.0
ERR4037023,2006,0,0.0,0.0
ERR4037024,2006,0,0.0,0.0
ERR4036701,2006,0,0.0,0.0
ERR4036707,2006,0,0.0,0.0
ERR4036728,2006,0,0.0,0.0
ERR4036734,2006,0,0.0,0.0
ERR4037141,2006,0,0.0,0.0
ERR4037146,2006,0,0.0,0.0
ERR4037174,2006,0,0.0,0.0
ERR4037175,2006,0,0.0,0.0
ERR4037045,2006,0,0.0,0.0
ERR4037204,2006,0,0.0,0.0
ERR4037209,2006,0,0.0,0.0
ERR4037263,2006,0,0.0,0.0
ERR4037301,2006,0,0.0,0.0
ERR4037332,2006,0,0.0,0.0
ERR4037364,2006,0,0.0,0.0
ERR4037398,2006,0,0.0,0.0
ERR4037078,2006,0,0.0,0.0
ERR4037079,2006,0,0.0,0.0
ERR4037108,2006,0,0.0,0.0
ERR4037113,2006,0,0.0,0.0
ERR4037424,2006,0,0.0,0.0
